Western Himalayas,region
Pinus roxburghii,BE1 = 608.6848 D - 82.2998 D + 19.9426
Pinus roxburghii,BE1 = 26.2180 D2 + 1.6287 D + 0.8936
Pinus roxburghii,BE1 = -0.0443 D12 + 1.6656 D1 - 1.7908
Pinus roxburghii,BE4 = 0.0023 D12 + 0.1103 D1 - 0.0527
Pinus longifolia,BE1 = 608.6848 D - 82.2998 D + 19.9426
Pinus longifolia,BE1 = 26.2180 D2 + 1.6287 D + 0.8936
Pinus longifolia,BE1 = -0.0443 D12 + 1.6656 D1 - 1.7908
Pinus longifolia,BE4 = 0.0023 D12 + 0.1103 D1 - 0.0527
Quercus incana,BE1= 185.5939 logeD + 442.2679
Quercus incana,BE1 = 21.6921 logeD + 52.8184
Quercus incana,BE1 = 0.2861 D12 - 0.1181 Di + 0.0455
Quercus incana,BE4 = 0.0024 D13 + 0.0075 D12 - 0.0543 D1+0.0868
Rhododendron arboreum,BEI= -262.1187 D2 + 419.5980 D - 19.2402
Rhododendron arboreum,BE1 = 6.5974 logeD + 17.4170
Rhododendron arboreum,BE3 = 0.0776 D12 + 0.4770 D1 + 0.1780
Rhododendron arboreum,BE4 = 0.0172 D12 + 0.0488 D1 - 0.0212
Quercus semecarpifolia,BE1= -46.1643 D2 + 323.0309 D - 23.3726
Quercus semecarpifolia,BE2= -4.5071 D2 + 46.8789 D - 3.3746
Quercus semecarpifolia,BE3 = 0.0776 D1 2 + 0.4770 D1 + 0.1780
Quercus semecarpifolia,BE4 = 0.0177 D12 + 0.0423 D1 - 0.0023
Lyonia ovalifolia,BE1 = 413.6936 D2 + 163.3936 D - 6.2066
Lyonia ovalifolia,BE2= 15.4757 D2 + 16.9044 D - 0.7621
Lyonia ovalifolia,BE1 = 0.2511 D12 - 0.5647 Di + 0.8784
Lyonia ovalifolia,BE4= 0.0046 D13 - 0.0492 D12 + 0.1761 D1 - 0.1050
Pieris ovalifolia,BE1 = 413.6936 D2 + 163.3936 D - 6.2066
Pieris ovalifolia,BE2= 15.4757 D2 + 16.9044 D - 0.7621
Pieris ovalifolia,BE1 = 0.2511 D12 - 0.5647 Di + 0.8784
Pieris ovalifolia,BE4= 0.0046 D13 - 0.0492 D12 + 0.1761 D1 - 0.1050
Cedrus deodara,BE1 = -49.9504 D2 + 143.3015 D + 10.5851
Cedrus deodara,BE2 = 1.7605 logeD + 5.5882
Cedrus deodara,BE1 = 0.0787 D13 - 1.0246 D12 + 4.7307 D1 - 1.7967
Cedrus deodara,BE4 = 0.0072 D13 - 0.1118 D12 + 0.5714 D1 - 0.2522
11    Shorea robusta,BE1 = -56.4459 D2 + 140.2030 D + 6.1908
I    Shorea robusta,BE1 = -3.4159 D2 + 18.1330 D + 0.2431
I    Shorea robusta,BE1 = 0.1094 D12 + 0.7826 D1 - 0.8099
I    Shorea robusta,BE. = 0.0204 D12 + 0.0470 D1 - 0.0245
41    Mallotus philippensis,BE1 = -0.3399 D2 + 63.3702 D + 4.6962
I    Mallotus philippensis,BE2 = -1.5869 D2 + 6.5544 D + 0.4646
I    Mallotus philippensis,BE1 = 0.0844 D12 + 0.8311 D1 - 0.1602
Mallotus philippensis,BE4 = 0.0003 D13 + 0.0082 D12 + 0.0685 D1 - 0.0181
10    Tectona grandis,BEI= -218.7650 D2 + 252.6165 D - 6.4059
Tectona grandis,BE2 = -19.8692 D2 + 21.2077 D - 0.5973
Tectona grandis,BE1 = 0.1189 D12 + 0.1503 D1 + 0.5695
Tectona grandis,BE4 = 0.0103 D12 - 0.0272 D1 + 0.1544
11    Acacia catechu,BE1 = 412.4293 D2- 101.8017 D + 21.9977
Acacia catechu,BE2 = 5.0812 D2 + 1.7792 D + 0.3749
Acacia catechu,BE1 = 0.1995 D12 - 0.3849 Di + 1.6476
Acacia catechu,BE4 = 0.0493 D1 + 0.0429
12    Machilus species,BE1 = 11.3342 D2 + 117.6158 D + 2.3917
Machilus species,BE2 = -8.1106 D2 + 13.5748 D + 0.4823
Machilus species,BE3 = -0.0367 D13 + 0.5986 D12 - 0.8331 D1 + 0.5136
Machilus species,BE4 = 0.0079 D12 + 0.1270 D1 - 0.1368
13    Myrica sapida (Old) ,BE1 = -19.9850 D2 + 89.8844 D + 4.6474
Myrica sapida (Old) ,BE1 = -3.0448 D2 + 7.8240 D + 0.3483
Myrica sapida (Old) ,BE1 = -0.0032 D13 + 0.0844 D12 + 0.8019 D1 - 0.0739
Myrica sapida (Old) ,BE4 = -0.0014 D13 + 0.0331D12- 0.0898 D1 + 0.0719
Myrica nagi,BE1 = -19.9850 D2 + 89.8844 D + 4.6474
Myrica nagi,BE1 = -3.0448 D2 + 7.8240 D + 0.3483
Myrica nagi,BE1 = -0.0032 D13 + 0.0844 D12 + 0.8019 D1 - 0.0739
Myrica nagi,BE4 = -0.0014 D13 + 0.0331D12- 0.0898 D1 + 0.0719
Myrica esculenta,BE1 = -19.9850 D2 + 89.8844 D + 4.6474
Myrica esculenta,BE1 = -3.0448 D2 + 7.8240 D + 0.3483
Myrica esculenta,BE1 = -0.0032 D13 + 0.0844 D12 + 0.8019 D1 - 0.0739
Myrica esculenta,BE4 = -0.0014 D13 + 0.0331D12- 0.0898 D1 + 0.0719
Myrica integrifolia,BE1 = -19.9850 D2 + 89.8844 D + 4.6474
Myrica integrifolia,BE1 = -3.0448 D2 + 7.8240 D + 0.3483
Myrica integrifolia,BE1 = -0.0032 D13 + 0.0844 D12 + 0.8019 D1 - 0.0739
Myrica integrifolia,BE4 = -0.0014 D13 + 0.0331D12- 0.0898 D1 + 0.0719
Eastern Himalayas,region
1    I Quercus species,BE1 = 69.2347 D + 135.6707 D - 1.4147
Quercus species,BE2 = 0.8100 D2 + 8.7234 D + 0.1811
Quercus species,BE1 = 0.1810 D12 - 0.4654 D1 + 1.6797
Quercus species,BE4 = 0.0024 D12 + 0.0991 D1 + 0.0344
Rhododendron species,BE1 = -17.6343 D2 + 237.1436 D - 8.9400
I    Rhododendron species,BE1 = -4.7666 D2 + 12.3843 D - 0.5536
I    Rhododendron species,BE1 = 0.1635 D12- 0.3656 D1 + 1.4922
.    Rhododendron species,BE4 = -0.0022 D12 + 0.0874 D1 - 0.0154
    Macaranga species,BE1= -255.0664 D2 + 507.2459 D - 43.8670
I    Macaranga species,BE2 = -8.5948 D2 + 15.9095 D - 0.6507
I    Macaranga species,BE1 = 0.1277 D12- 0.3029 D1 + 0.8538
I    Macaranga species,BE4 = 0.0025 D12 + 0.0314 D1 + 0.1583
    Alnus nepalensis,BEI= -458.2088 D2 + 893.8913 D - 66.9783
Alnus nepalensis,BE2 = -10.0112 D2 + 18.4510 D - 1.0379
Alnus nepalensis,BE1 = 0.1785 D12- 0.5265 D1 + 1.9236
Alnus nepalensis,BE4 = 0.0085 D12- 0.0182 D1 + 0.1152
Rhododendron arboreum,BE1 = 112.6006 D2 + 135.5182 D - 2.3433
Rhododendron arboreum,BE1 = 11.2386 D2 + 3.0581 D + 0.1432
Rhododendron arboreum,BE1 = 0.1194 D12 + 0.0907 D1 + 0.9907
Rhododendron arboreum,BE4 = 0.0018 D12 + 0.0516 D1 + 0.0361
Ficus species,BEI= 328.6517 D2 + 41.5013 D + 5.8245
Ficus species,BE2 = 43.8976 D2 + 1.7589 D + 0.3012
Ficus species,BE1 = 0.1420 D12- 0.2210 D1 + 1.2739
Ficus species,BE4 = 0.0128 D12 - 0.0368 D1 + 0.1336
Terminalia species,BEI= 138.5098 D2 + 230.1472 D - 12.1090
Terminalia species,BE2 = 5.1039 D2 + 8.0168 D - 0.3351
Terminalia species,BE1 = 0.2029 D12- 0.4475 D1 + 0.2983
Terminalia species,BE4 = 0.0085 1312- 0.0165 D1 + 0.0270
Machilus species,BE1 = 84.3775 D2 + 94.3260 D + 4.1137
Machilus species,BE1 = -3.4948 D2 + 12.2233 D + 0.5985
Machilus species,BE1 = 0.0503 D12 + 1.3645 D1 - 1.3642
Machilus species,BE4 = 0.0122 D12 + 0.0941 D1 - 0.0972
10    Eurya japonica,BEI= 328.6517 D2 + 41.5013 D + 5.8245
Eurya japonica,BE2 = 47.6984 D2 + 0.8919 D + 0.1988
Eurya japonica,BE3 = 0.101 D12 + 0.222 Di + 0.604
Eurya japonica,BE4 = -0.004 D12 + 0.123 Di + 0.139
North-Eastern Ranges,region
Schima wallichii,BE1 = 1000.7174 D2 - 208.9540 D + 30.8140
Schima wallichii,BE2= 78.8815 D2- 13.3130 D + 1.6297
Schima wallichii,BE1 = 0.293 D12 - 1.098 D1 + 1.290
Schima wallichii,BE1 = 0.0060 D12 + 0.0551 D1 + 0.0619
Macaranga species,BE1 = 295.2237 D2 + 329.7146 D - 21.1529
Macaranga species,BE1 = -6.5259 D2 + 22.0047 D - 0.8689
Macaranga species,BE1 = 0.2135 D12 - 0.5857 D1 + 0.6587
Macaranga species,BE1 = 0.0167 D12- 0.0088 D1 + 0.1192
Shorea robusta,BE1 = 239.3148 D2- 3.3963 D + 21.0528
Shorea robusta,BE1 = 21.7716 D2 + 3.7241 D + 0.5622
Shorea robusta,BE1 = 0.4006 D12 - 1.5864 D1 + 2.3434
Shorea robusta,BE1 = 0.0130 D12 - 0.0264 D1 + 0.2234
Syzygium cumini,BE1 = 133.7182 D2 + 199.3136 D - 9.3632
Syzygium cumini,BE2 = 10.8365 D2 + 2.7031 D + 1.2267
Syzygium cumini,BE3 = 0.0847 D12 + 0.4512 D1 - 0.3127
Syzygium cumini,BE4 = 0.0089 D12- 0.0260 D1 + 0.0249
Syzygium jambolanum,BE1 = 133.7182 D2 + 199.3136 D - 9.3632
Syzygium jambolanum,BE2 = 10.8365 D2 + 2.7031 D + 1.2267
Syzygium jambolanum,BE3 = 0.0847 D12 + 0.4512 D1 - 0.3127
Syzygium jambolanum,BE4 = 0.0089 D12- 0.0260 D1 + 0.0249
(Old) Eugenia jambolana,BE1 = 133.7182 D2 + 199.3136 D - 9.3632
(Old) Eugenia jambolana,BE2 = 10.8365 D2 + 2.7031 D + 1.2267
(Old) Eugenia jambolana,BE3 = 0.0847 D12 + 0.4512 D1 - 0.3127
(Old) Eugenia jambolana,BE4 = 0.0089 D12- 0.0260 D1 + 0.0249
Careya arborea,BE1 = 340.5659 D2 + 91.1216 D + 3.3365
Careya arborea,BE1 = 18.1285 D2 + 4.8505 D + 0.1776
Careya arborea,BE1 = 0.1089 D12 + .5761 D1 + 0.2813
Careya arborea,BE1 = -0.0024 D12 + 0.1238 D1 - 0.0092
Tectona grandis,BE1 = -235.2067 D2 + 454.1317 D - 29.7996
Tectona grandis,BE1 = -9.3264 D2 + 18.3483 D - 0.8165
Tectona grandis,BE1 = 0.1775  D12 -0.0216 D1 + 0.6538
Tectona grandis,BE1 = 0.0099 D12  +  0.0007 D1 + 0.0188
Bauhinia species,BE1= -40.1501 D2 + 109.6091 D + 3.7405
Bauhinia species,BE1 = -2.8341 D2 + 7.7369 D + 0.2640
Bauhinia species,BE1 = 0.1139 D12 + 0.1204 D1 + 0.3863
Bauhinia species,BE1 = 0.0046 D12 + 0.0798 D1 - 0.0373
9    Ficus species,BE1 = 481.1172 D2 + 39.3014 D + 5.8236
Ficus species,BE2 = 42.6242 D2 + 1.7079 D + 0.2924
Ficus species,BE3 = 0.141 D12- 0.180 D1 + 0.410
Ficus species,BE4 = 0.010 D12 + 0.026 D1 + 0.011
Northern Plain,region
1    Shorea robusta,BE1 = 25.5451 D2 + 201.6606 D - 13.1829
Shorea robusta,BE1 = 9.1786 D2 + 11.0520 D - 0.8946
Shorea robusta,BE3 = -0.0766 D12 + 1.5811 D1 - 1.0110
Shorea robusta,BE4 = -0.0060 D12 + 0.1003 D1 + 0.0134
2    Mallotus philippensis,BE1 = 131.2114 D2 - 20.6129 D + 12.2762
Mallotus philippensis,BE2 = 6.9373 D2 - 1.0890 D + 0.5986
Mallotus philippensis,BE3 = 0.0746 D12 + 0.6614 D1 + 0.2329
Mallotus philippensis,BE4 = 0.0041 D12 + 0.0024 D1 + 0.0519
3    Tectona grandis,BE1 = -172.2384 D2 + 234.5179 D - 5.5074
Tectona grandis,BE1 = -17.8148 D2 + 24.5465 D - 0.6081
Tectona grandis,BE1 = 0.048 D12 + 0.812 D1 - 0.351
Tectona grandis,BE. = 0.0095 D12 - 0.0266 D1 + 0.1383
4    Acacia catechu,BE1 = -40.0134 D2 + 178.4533 D - 4.2859
Acacia catechu,BE2 = 10.8820 D + 0.0076
Acacia catechu,BE3 = 0.0642 D12 + 1.4964 Di - 0.7879
Acacia catechu,BE4 = 0.0114 D12 - 0.0090 D1 + 0.0917
5    Eucalyptus species,BE1 = 33.6773 D2 + 101.4271 D - 2.2653
Eucalyptus species,BE2 = 16.6353 D2 + 18.3505 D - 1.1172
Eucalyptus species,BE3 = 0.2870 D12 - 1.1264 D1 + 1.2830
Eucalyptus species,BE4 = 0.0122 D12 + 0.0347 D1 - 0.0213
Syzygium cumini,BE1= 148.1069 D2 + 306.2417 D - 20.7654
Syzygium cumini,BE2 = -4.0782 D2 + 8.9461 D + 0.0084
Syzygium cumini,BE3 = 0.0873 D12 - 0.0444 D1 + 0.4975
Syzygium cumini,BE4 = 0.0060 D12 + 0.0176 D1 - 0.0035
Syzygium jambolanum,BE1= 148.1069 D2 + 306.2417 D - 20.7654
Syzygium jambolanum,BE2 = -4.0782 D2 + 8.9461 D + 0.0084
Syzygium jambolanum,BE3 = 0.0873 D12 - 0.0444 D1 + 0.4975
Syzygium jambolanum,BE4 = 0.0060 D12 + 0.0176 D1 - 0.0035
(Old) Eugenia jambolana,BE1= 148.1069 D2 + 306.2417 D - 20.7654
(Old) Eugenia jambolana,BE2 = -4.0782 D2 + 8.9461 D + 0.0084
(Old) Eugenia jambolana,BE3 = 0.0873 D12 - 0.0444 D1 + 0.4975
(Old) Eugenia jambolana,BE4 = 0.0060 D12 + 0.0176 D1 - 0.0035
Dalbergia sissoo,BE1 = 7.2757 D2 + 53.1018 D + 12.3640
Dalbergia sissoo,BE2 = -4.6845 D2 + 14.7263 D - 0.0240
Dalbergia sissoo,BE3 = 0.1418 D12 + 0.7801 D1 - 0.3749
Dalbergia sissoo,BE4 = 0.0035 D12 + 0.1600 D1 - 0.0726
Trewia nudiflora,BE1 = 96.5047 D2 + 13.8015 D + 7.1858
Trewia nudiflora,BE1 = 11.9851 D2 + 0.4885 D + 0.4786
Trewia nudiflora,BE3 = -0.0023 D12 + 0.9608 D1 - 0.4878
Trewia nudiflora,BE4 = -0.0034 D12 + 0.0899 D1 - 0.0439
Holarrhena antidysenterica,BE1 = -184.5679 D2 + 168.5082 D - 10.0526
Holarrhena antidysenterica,BE2 = 2.5585 D2 + 3.9530 D - 0.0693
Holarrhena antidysenterica,BE3 = 0.066 D12 - 0.179 D1 + 0.458
Holarrhena antidysenterica,BE4 = 0.0007 D12 + 0.0065 D1 + 0.0083
Diospyros melanoxylon,BE1= -6.8624 D2 + 88.2043 D + 11.2256
Diospyros melanoxylon,BE2 = 4.6996 D2 + 13.7476 D + 1.0999
Diospyros melanoxylon,BE1 = 0.1977 D12 + 0.2373 D1 + 0.4882
Diospyros melanoxylon,BE4 = 0.0245 D12 - 0.0023 D1 + 0.0097
Bombax ceiba,BE1 = 142.4990 D2 + 15.7340 D + 11.7480
Bombax ceiba,BE1 = 4.1172 D2 + 0.8835 D + 0.2329
Bombax ceiba,BE3 = 0.1772 D12 - 0.2771 D1 + 0.7359
Bombax ceiba,BE4 = -0.0009 D12 + 0.0399 D1 + 0.0226
Bombax insigne,BE1 = 142.4990 D2 + 15.7340 D + 11.7480
Bombax insigne,BE1 = 4.1172 D2 + 0.8835 D + 0.2329
Bombax insigne,BE3 = 0.1772 D12 - 0.2771 D1 + 0.7359
Bombax insigne,BE4 = -0.0009 D12 + 0.0399 D1 + 0.0226
Salmalia malabarica,BE1 = 142.4990 D2 + 15.7340 D + 11.7480
Salmalia malabarica,BE1 = 4.1172 D2 + 0.8835 D + 0.2329
Salmalia malabarica,BE3 = 0.1772 D12 - 0.2771 D1 + 0.7359
Salmalia malabarica,BE4 = -0.0009 D12 + 0.0399 D1 + 0.0226
Bombax malabaricum,BE1 = 142.4990 D2 + 15.7340 D + 11.7480
Bombax malabaricum,BE1 = 4.1172 D2 + 0.8835 D + 0.2329
Bombax malabaricum,BE3 = 0.1772 D12 - 0.2771 D1 + 0.7359
Bombax malabaricum,BE4 = -0.0009 D12 + 0.0399 D1 + 0.0226
Butea monosperma(Old),BEI= -22.7925 D2 + 53.4590 D - 1.4797
Butea monosperma(Old),BE2 = -2.0225 D2 + 5.2640 D + 0.1399
Butea monosperma(Old),BE2 = 0.0093 D12 + 0.3026 D1 + 0.2964
Butea monosperma(Old),BE4 = -0.0039 D12 + 0.1019 D1 + 0.0318
Butea frondosa,BEI= -22.7925 D2 + 53.4590 D - 1.4797
Butea frondosa,BE2 = -2.0225 D2 + 5.2640 D + 0.1399
Butea frondosa,BE2 = 0.0093 D12 + 0.3026 D1 + 0.2964
Butea frondosa,BE4 = -0.0039 D12 + 0.1019 D1 + 0.0318
Eastern Plain,region
1    Shorea robusta,BE2= -136.4916 D2 + 321.3854 D - 15.6215
Shorea robusta,BE2 = 20.7480 D2 + 0.9479 D + 0.4223
Shorea robusta,BE2 = 0.0770 D12 + 0.8211 D1 - 0.4931
Shorea robusta,BE4 = 0.0037 D12 + 0.0199 D1 + 0.0438
Lagerstroemia flosreginae,BE2 = 282.0677 D2 + 122.5817 D - 1.6765
Lagerstroemia flosreginae,BE2 = 4.3637 D2 + 10.5371 D - 0.2504
Lagerstroemia flosreginae,BE2 = 0.1708 D12 + 0.2991 D1 - 0.0735
Lagerstroemia flosreginae,BE4 = 0.0154 D12 - 0.0430 D1 + 0.0677
2    Lagerstroemia spaciosa(Old),BE2 = 282.0677 D2 + 122.5817 D - 1.6765
Lagerstroemia spaciosa(Old),BE2 = 4.3637 D2 + 10.5371 D - 0.2504
Lagerstroemia spaciosa(Old),BE2 = 0.1708 D12 + 0.2991 D1 - 0.0735
Lagerstroemia spaciosa(Old),BE4 = 0.0154 D12 - 0.0430 D1 + 0.0677
Amoora wallichi,BE2 = 1536.3332 D2 - 381.4076 D + 39.6576
Amoora wallichi,BE2 = 43.9892 D2 - 7.6717 D + 0.9609
Amoora wallichi,BE2 = 0.1708 D12 + 0.2991 D1 - 0.0735
Amoora wallichi,BE4 = 0.0154 D12 - 0.0430 D1 + 0.0677
Aglaia hiernii,BE2 = 1536.3332 D2 - 381.4076 D + 39.6576
Aglaia hiernii,BE2 = 43.9892 D2 - 7.6717 D + 0.9609
Aglaia hiernii,BE2 = 0.1708 D12 + 0.2991 D1 - 0.0735
Aglaia hiernii,BE4 = 0.0154 D12 - 0.0430 D1 + 0.0677
4    Schima wallichii,BE2 = 845.4033 D2 - 151.7822 D + 22.8579
Schima wallichii,BE2 = 29.1497 D2 - 3.6565 D + 0.9238
Schima wallichii,BE2 = 0.1270 D12 + 0.5903 D1 + 0.1752
Schima wallichii,BE4 = 0.0068 D12 + 0.0347 D1 + 0.0934
5    Careya arborea,BE2 = 371.7445 D2 + 99.4637 D + 3.6420
Careya arborea,BE2 = 15.2099 D2 + 4.0695 D + 0.1490
Careya arborea,BE2 = 0.1089 D12 + 0.5761 D1 + 0.2813
Careya arborea,BE4 = -0.0024 D12 + 0.1238 D1 - 0.0092
Western Plain,region
1    Anogeissus pendula,BE2 = 128.0517 D2 + 0.5828 D + 9.3216
Anogeissus pendula,BE2 = 4.3925 D2 + 0.2702 D + 0.2610
Anogeissus pendula,BE2 = 0.1337 D12 + 0.2955 D1 - 0.0497
Anogeissus pendula,BE4 = 0.0045 D12 - 0.0118 D1 + 0.0117
Wrightia tinctoria,BE2= 33.4482 D2 + 31.7569 D + 4.2284
Wrightia tinctoria,BE2 = 2.5576 D2 + 2.4283 D + 0.3233
Wrightia tinctoria,BE3 = 0.1047 D12 + 0.3438 D1 - 0.1780
Wrightia tinctoria,BE4 = 0.0098 D12 - 0.0394 D1 + 0.0496
Boswellia serrata,BE2= -6.5495 D2 + 51.2405 D + 2.7240
Boswellia serrata,BE2 = 0.4262 D2 + 4.9770 D + 0.2160
Boswellia serrata,BE2 = 0.1826 D12 - 0.3714 D1 + 0.4298
Boswellia serrata,BE4 = 0.0062 D12 + 0.0331 D1 + 0.0154
Lannea coromandelica,BE2 = -62.5969 D2 + 161.9918 D - 11.4549
Lannea coromandelica,BE2 = -4.5518 D2 + 12.0968 D - 0.7425
Lannea coromandelica,BE3 = -0.0103 D12 + 0.7183 D1 - 0.2651
Lannea coromandelica,BE4 = -0.0042 D12 + 0.0895 D1 + 0.0302
Odina wodier,BE2 = -62.5969 D2 + 161.9918 D - 11.4549
Odina wodier,BE2 = -4.5518 D2 + 12.0968 D - 0.7425
Odina wodier,BE3 = -0.0103 D12 + 0.7183 D1 - 0.2651
Odina wodier,BE4 = -0.0042 D12 + 0.0895 D1 + 0.0302
Lannea grandis,BE2 = -62.5969 D2 + 161.9918 D - 11.4549
Lannea grandis,BE2 = -4.5518 D2 + 12.0968 D - 0.7425
Lannea grandis,BE3 = -0.0103 D12 + 0.7183 D1 - 0.2651
Lannea grandis,BE4 = -0.0042 D12 + 0.0895 D1 + 0.0302
Butea monosperma(Old),BEl= 34.3335 D2 - 7.3049 D + 6.2960
Butea monosperma(Old),BE2 = 13.7310 D2 - 2.7107 D + 1.3816
Butea monosperma(Old),BE3 = 0.0705 D12 + 0.0149 D1 + 0.6722
Butea monosperma(Old),BE4 = 0.0059 D12 + 0.0714 D1 + 0.0245
Butea frondosa,BEl= 34.3335 D2 - 7.3049 D + 6.2960
Butea frondosa,BE2 = 13.7310 D2 - 2.7107 D + 1.3816
Butea frondosa,BE3 = 0.0705 D12 + 0.0149 D1 + 0.6722
Butea frondosa,BE4 = 0.0059 D12 + 0.0714 D1 + 0.0245
Acacia lenticularis,BE2 = 192.6516 D2 - 41.3427 D + 12.0217
Acacia lenticularis,BE2 = 6.2026 D2 - 1.2040 D + 0.3180
Acacia lenticularis,BE3 = 0.061 D12 + 1.089 D1 - 0.433
Acacia lenticularis,BE4 = 0.0207 D1 - 0.0075
Acacia leucophlaea,BE2 = 192.6516 D2 - 41.3427 D + 12.0217
Acacia leucophlaea,BE2 = 6.2026 D2 - 1.2040 D + 0.3180
Acacia leucophlaea,BE3 = 0.061 D12 + 1.089 D1 - 0.433
Acacia leucophlaea,BE4 = 0.0207 D1 - 0.0075
Prosopis guliflora,BE2 = -39.6165 D2 + 107.8593 D + 3.0089
Prosopis guliflora,BE2 = -2.8724 D2 + 4.2047 D + 0.1598
Prosopis guliflora,BE2 = 0.1142 D12 + 0.8472 D1 - 1.0051
Prosopis guliflora,BE4 = 0.0070 D12 - 0.0239 D1 + 0.0297
Anogeissus latifolia,BEI= -222.4935 D2 + 246.0476 D - 15.0305
Anogeissus latifolia,BE2 = -3.3058 D2 + 14.4901 D - 1.1089
Anogeissus latifolia,BE3 = 0.0292 D12 + 1.0467 D1 - 0.9345
Anogeissus latifolia,BE4 = 0.0001 D12 + 0.0265 D1 - 0.0114
Prosopis ceneraria,BEI= 374.8853 D2 - 102.6065 D + 19.8870
Prosopis ceneraria,BE2 = 9.2529 D2 - 2.6345 D + 0.4375
Prosopis ceneraria,BE2 = 0.0724 D12 + 1.1342 D1 - 0.9111
Prosopis ceneraria,BE4 = 0.0053 1312- 0.0112 D1 + 0.0115
Acacia species,BE2 = -67.6663 D2 + 113.1102 D + 4.3385
Acacia species,BE2 = -8.2494 D2 + 12.7608 D - 0.7229
Acacia species,BE3 = 0.1080 D12 + 0.4211 D1 - 0.2382
Acacia species,BE4 = 0.0073 D12- 0.0240 D1 + 0.0267
Diospyros melanoxylon,BE2 = -75.7877 D2 + 118.0755 D - 0.4650
Diospyros melanoxylon,BE2 = -7.2382 D2 + 14.2527 D - 0.0318
Diospyros melanoxylon,BE3 = 0.1480 D12- 0.2759 D1 + 1.3843
Diospyros melanoxylon,BE4 = 0.0181 D12 - 0.0604 D1 + 0.1507
Bauhinia species,BE2 = -58.2370 D2 + 62.9259 D + 1.9694
Bauhinia species,BE2 = -7.3222 D2 + 7.9117 D + 0.2476
Bauhinia species,BE2 = 0.0393 D12 + 0.5534 D1 - 0.2755
Bauhinia species,BE4 = 0.0063 1312 + 0.0240 D1 + 0.0637
Salvadora oleoides,BE2 = -37.9134 D2 + 59.4648 D + 1.2415
Salvadora oleoides,BE2 = -13.8490 D2 + 20.2648 D - 0.9427
Salvadora oleoides,BE3 = 0.0882 D12 + 0.3256 D1 - 0.2153
Salvadora oleoides,BE2 = -0.0066 D12 + 0.1889 D1 - 0.0883
Acacia catechu,BE2 = 862.9319 D2 - 170.7552 D + 21.2422
Acacia catechu,BE2 = 32.5724 D2 - 6.4454 D + 0.8018
Acacia catechu,BE3= 0.0345 D12 + 1.1686 D1 + 0.1762
Acacia catechu,BE4 = 0.0068 D12 - 0.0193 D1 + 0.0323
Holarrhena antidysenterica,BE2 = -176.0015 D2 + 165.7520 D - 6.7282
^  Holarrhena antidysenterica,BE2 = -8.7809 D2 + 8.2695 D - 0.3357
Holarrhena antidysenterica,BE3 = 0.0180 D12 + 0.7709 Di - 0.6103
Holarrhena antidysenterica,BE4 = 0.0054 D12 + 0.0031 Di + 0.0326
Central Highlands,region
1    Acacia catechu,BE2= 461.0594 D2 + 127.4788 D - 8.6248
Acacia catechu,BE2 = 14.1668 D2 + 8.6870 D - 0.4187
Acacia catechu,BE3 = 0.0111 D12 + 1.7348 D1 - 0.8604
Acacia catechu,BE4 = 0.0078 D12 + 0.0060 D1 + 0.0809
2    Anogeissus pendula,BE2 = -256.5319 D2 + 327.3360 D - 19.9557
Anogeissus pendula,BE2 = -24.9712 D2 + 27.0362 D - 1.6791
Anogeissus pendula,BE3 = -0.0413 D12 + 1.6164 D1 - 0.8311
Anogeissus pendula,BE4 = 0.0612 D1 + 0.0148
3    Boswellia serrata,BE2 = 120.4804 D2 + 162.6570 D - 9.0293
Boswellia serrata,BE2 = 5.0517 D2 + 8.6131 D - 0.2364
Boswellia serrata,BE3 = 0.1294 D12 - 0.0842 D1 + 0.1589
Boswellia serrata,BE4 = 0.0037 D12 + 0.0198 D1 + 0.0092
Lannea coromandelica,BE2 = 37.5026 D2 + 235.1910 D - 16.6356
Lannea coromandelica,BE2 = -4.6969 D2 + 29.3272 D - 1.8890
Lannea coromandelica,BE3 = 0.0252 D12 + 0.5893 D1 - 0.0258
Lannea coromandelica,BE4 = 0.0036 D12 + 0.0276 D1 + 0.0877
Lannea grandis,BE2 = 37.5026 D2 + 235.1910 D - 16.6356
Lannea grandis,BE2 = -4.6969 D2 + 29.3272 D - 1.8890
Lannea grandis,BE3 = 0.0252 D12 + 0.5893 D1 - 0.0258
Lannea grandis,BE4 = 0.0036 D12 + 0.0276 D1 + 0.0877
Odina wodier,BE2 = 37.5026 D2 + 235.1910 D - 16.6356
Odina wodier,BE2 = -4.6969 D2 + 29.3272 D - 1.8890
Odina wodier,BE3 = 0.0252 D12 + 0.5893 D1 - 0.0258
Odina wodier,BE4 = 0.0036 D12 + 0.0276 D1 + 0.0877
5    Butea monosperma(01d),BEI= 221.3745 D2- 43.7095 D + 5.1897
Butea monosperma(Old),BE2 = 20.3847 D2- 2.5894 D + 0.8161
Butea monosperma(Old),BE3 = 0.0716 D12- 0.2408 D1 + 0.7970
Butea monosperma(Old),BE4 = 0.0070 D12 - 0.0174 Di + 0.0790
Butea frondosa,BEI= 221.3745 D2- 43.7095 D + 5.1897
Butea frondosa,BE2 = 20.3847 D2- 2.5894 D + 0.8161
Butea frondosa,BE3 = 0.0716 D12- 0.2408 D1 + 0.7970
Butea frondosa,BE4 = 0.0070 D12 - 0.0174 Di + 0.0790
Diospyros melanoxylon,BE2 = 409.0799 D2- 108.5871 D + 14.2917
Diospyros melanoxylon,BE2 = 29.9753 D2 - 6.1664 D + 0.9315
Diospyros melanoxylon,BE3 = 0.0764 D12- 0.2359 D1 + 0.4756
Diospyros melanoxylon,BE4 = 0.0068 D12 + 0.0021 D1 + 0.0124
Anogeissus latifolia,BE2= -185.9612 D2 + 363.4651 D - 23.7470
Anogeissus latifolia,BE2 = -8.7736 D2 + 18.6843 D - 1.2968
Anogeissus latifolia,BE2 = 0.0506 D12 + 0.6227 D1 - 0.3709
Anogeissus latifolia,BE4 = 0.0030 D12 + 0.0121 D1 + 0.0401
Terminalia crenulata,BE2= 412.9096 D2 + 218.7041 D - 21.1708
Terminalia crenulata,BE2 = 27.3545 D2 + 9.4647 D - 0.9363
Terminalia crenulata,BE3 = 0.1189 D12 - 0.1393 Di + 0.5844
Terminalia crenulata,BE4 = 0.0028 D12- 0.0009 D1 + 0.0261
Terminalia tomentosa,BE2= 412.9096 D2 + 218.7041 D - 21.1708
Terminalia tomentosa,BE2 = 27.3545 D2 + 9.4647 D - 0.9363
Terminalia tomentosa,BE3 = 0.1189 D12 - 0.1393 Di + 0.5844
Terminalia tomentosa,BE4 = 0.0028 D12- 0.0009 D1 + 0.0261
Mitragyna parviflora,BE2 = -70.9902 D2 + 315.1673 D - 25.4308
Mitragyna parviflora,BE2 = -4.7461 D2 + 20.5859 D - 1.6376
Mitragyna parviflora,BE3 = 0.0524 D12 + 0.1302 D1 - 0.0629
Mitragyna parviflora,BE4 = 0.0050 D12- 0.0093 D1 + 0.0334
Stephegyne parviflora,BE2 = -70.9902 D2 + 315.1673 D - 25.4308
Stephegyne parviflora,BE2 = -4.7461 D2 + 20.5859 D - 1.6376
Stephegyne parviflora,BE3 = 0.0524 D12 + 0.1302 D1 - 0.0629
Stephegyne parviflora,BE4 = 0.0050 D12- 0.0093 D1 + 0.0334
Wrightia tinctoria,BE2 = 243.9454 D2 + 177.3004 D - 16.2788
Wrightia tinctoria,BE2 = 0.5403 D2 + 5.9345 D - 0.3329
Wrightia tinctoria,BE3 = 0.0132 D12 + 0.7130 D1 - 0.4479
Wrightia tinctoria,BE4 = -0.0014 D12 + 0.0265 Di + 0.0104
Aegle marmelos,BE2 = -316.8777 D2 + 401.7510 D - 28.8949
Aegle marmelos,BE2 = -26.68 D2 + 33.47 D - 2.394
Aegle marmelos,BE2 = 0.1395 D12- 0.1710 D1 + 0.6693
Aegle marmelos,BE4 = 0.0090 D12 - 0.0048 D1 + 0.0680
Acacia lenticularis,BE2 = 290.6110 D2 + 78.7053 D - 6.0127
Acacia lenticularis,BE2 = 6.5580 D2 + 4.6176 D - 0.3076
Acacia lenticularis,BE3 = 0.0891 D12 + 0.2386 D1 + 0.1853
Acacia lenticularis,BE4 = -0.0012 D12 + 0.0353 Di - 0.0078
Acacia leucophlaea,BE2 = 290.6110 D2 + 78.7053 D - 6.0127
Acacia leucophlaea,BE2 = 6.5580 D2 + 4.6176 D - 0.3076
Acacia leucophlaea,BE3 = 0.0891 D12 + 0.2386 D1 + 0.1853
Acacia leucophlaea,BE4 = -0.0012 D12 + 0.0353 Di - 0.0078
14    Madhuca latifolia,BE2 = 215.7248 D + 189.7812 D - 8.4775
Madhuca latifolia,BE2 = 14.6794 D2 + 3.5935 D - 0.1774
Madhuca latifolia,BE2 = 0.0471 D12 + 0.3412 D1 + 0.1263
Madhuca latifolia,BE4 = 0.0028 D12 - 0.0074 D1 + 0.0863
(Old) Bassia latifolia,BE2 = 215.7248 D + 189.7812 D - 8.4775
(Old) Bassia latifolia,BE2 = 14.6794 D2 + 3.5935 D - 0.1774
(Old) Bassia latifolia,BE2 = 0.0471 D12 + 0.3412 D1 + 0.1263
(Old) Bassia latifolia,BE4 = 0.0028 D12 - 0.0074 D1 + 0.0863
Madhuca indica,BE2 = 215.7248 D + 189.7812 D - 8.4775
Madhuca indica,BE2 = 14.6794 D2 + 3.5935 D - 0.1774
Madhuca indica,BE2 = 0.0471 D12 + 0.3412 D1 + 0.1263
Madhuca indica,BE4 = 0.0028 D12 - 0.0074 D1 + 0.0863
6    Flacourtia indica(Old),BE2 = 564.5753 D2- 11.5172 D + 4.8052
Flacourtia indica(Old),BE2 = 28.1133 D2- 0.5735 D + 0.2393
Flacourtia indica(01d),BE2 = -0.0386 D12 + 1.3890 D1 - 0.2761
Flacourtia indica(Old),BE4 = -0.0029 D12 + 0.0835 D1 + 0.0256
Flacourtia ramontchi,BE2 = 564.5753 D2- 11.5172 D + 4.8052
Flacourtia ramontchi,BE2 = 28.1133 D2- 0.5735 D + 0.2393
Flacourtia ramontchi,BE2 = -0.0386 D12 + 1.3890 D1 - 0.2761
Flacourtia ramontchi,BE4 = -0.0029 D12 + 0.0835 D1 + 0.0256
North Deccan,region
1    Tectona grandis,BE2 = 724.8313 D ^(1.8139)
Tectona grandis,BE2 = -5.7898 D2 + 16.1859 D - 0.8153
Tectona grandis,BE2 = 0.1701 D12 - 0.5602 D1 +D1.3209
Tectona grandis,BE4 = 0.0080 D12 + 0.0186 D1 + 0.0245
2    Terminalia crenulata,BEI= -893.2875 D3 + 1888.8940 D2 - 463.5333 D + 54.7484
2    Terminalia crenulata,BE2 = 20.0615 D2 +1.5684 D + 0.4141
2    Terminalia crenulata,BE2 = 0.1545 D12 + 0.0612 D1 + 0.5004
2    Terminalia crenulata,BE4 = 0.0061 D12 - 0.0027 Di + 0.0550
Terminalia tomentosa,BEI= -893.2875 D3 + 1888.8940 D2 - 463.5333 D + 54.7484
Terminalia tomentosa,BE2 = 20.0615 D2 +1.5684 D + 0.4141
Terminalia tomentosa,BE2 = 0.1545 D12 + 0.0612 D1 + 0.5004
Terminalia tomentosa,BE4 = 0.0061 D12 - 0.0027 Di + 0.0550
Terminalia elliptica,BEI= -893.2875 D3 + 1888.8940 D2 - 463.5333 D + 54.7484
Terminalia elliptica,BE2 = 20.0615 D2 +1.5684 D + 0.4141
Terminalia elliptica,BE2 = 0.1545 D12 + 0.0612 D1 + 0.5004
Terminalia elliptica,BE4 = 0.0061 D12 - 0.0027 Di + 0.0550
3    Chloroxylon swietenia,BE2 = 884.6576 D2 + 395.8155 D - 38.2331
3    Chloroxylon swietenia,BE2 = 13.0100 D - 0.3999
3    Chloroxylon swietenia,BE2 = 0.1990 D12 - 0.3570 D1 + 0.5943
3    Chloroxylon swietenia,BE. = 0.0118 D12 - 0.0027 D1 + 0.0401
Anogeissus pendula,BEI= 1299.4268 D3 - 1653.6151 D2 + 1320.6808 D -110.1954
Anogeissus pendula,BE2 = -3.8043 D2 + 10.7862 D - 0.3515
Anogeissus pendula,BE3 = -0.0650 D12 + 2.1152 D1- 1.1784
Anogeissus pendula,BE4 = -0.0079 D12 + 0.1908 D1 - 0.0179
Butea monosperma(Old),BE2 = 287.6540 D2 + 67.0071 D - 1.9463
Butea monosperma(Old),BE2= 4.6446 D2 + 3.8577 D + 0.2056
Butea monosperma(Old),BE3 = 0.8883 D1 - 0.0294
Butea monosperma(Old),BE4 = 0.0040 D12 + 0.0373 Di + 0.1501
Butea frondosa,BE2 = 287.6540 D2 + 67.0071 D - 1.9463
Butea frondosa,BE2= 4.6446 D2 + 3.8577 D + 0.2056
Butea frondosa,BE3 = 0.8883 D1 - 0.0294
Butea frondosa,BE4 = 0.0040 D12 + 0.0373 Di + 0.1501
Lannea coromandelica,BE2 = 84.0382 D2 + 262.3237 D - 20.4447
Lannea coromandelica,BE2 = 1.611 D2 + 18.47 D - 0.894
Lannea coromandelica,BE2 = 0.011 D13 - 0.068 D12 + 0.351 D1 + 0.296
Lannea coromandelica,BE4 = 0.007 Di2 D12.006 D1 + 0.192
Lannea grandis,BE2 = 84.0382 D2 + 262.3237 D - 20.4447
Lannea grandis,BE2 = 1.611 D2 + 18.47 D - 0.894
Lannea grandis,BE2 = 0.011 D13 - 0.068 D12 + 0.351 D1 + 0.296
Lannea grandis,BE4 = 0.007 Di2 D12.006 D1 + 0.192
Odina wodier,BE2 = 84.0382 D2 + 262.3237 D - 20.4447
Odina wodier,BE2 = 1.611 D2 + 18.47 D - 0.894
Odina wodier,BE2 = 0.011 D13 - 0.068 D12 + 0.351 D1 + 0.296
Odina wodier,BE4 = 0.007 Di2 D12.006 D1 + 0.192
Diospyros species,BE2 = 479.3323 D2 + 25.4894 D + 8.4235
Diospyros species,BE2 = 6.7291 D2 + 6.0102 D + 0.2414
Diospyros species,BE2 = 0.0307 D12 + 0.7393 Di - 0.2260
Diospyros species,BE4 = 0.0033 D12 + 0.0669 Di - 0.0027
Lagerstroemia parviflora,BEI= 243.9685 D2 + 163.6429 D - 12.3582
Lagerstroemia parviflora,BE2 = -35.4845 D3 + 44.3745 D2- 1.2717 D + 0.2303
Lagerstroemia parviflora,BE3 = 0.0326 D12 + 0.4611 Di + 0.3191
Lagerstroemia parviflora,BE4 = 0.0074 D12 - 0.0222 Di + 0.0456
Buchanania latifolia,BE2= 225.0254 D2 + 81.1387 D - 3.3972
Buchanania latifolia,BE2 = 25.4746 D2 - 0.6373 D + 0.6366
Buchanania latifolia,BE3 = 0.0888 D12 + 0.0680 Di + 0.5616
Buchanania latifolia,BE2 = 0.0108 D12 - 0.0187 Di + 0.1278
 Buchanania lanzan,BE2= 225.0254 D2 + 81.1387 D - 3.3972
 Buchanania lanzan,BE2 = 25.4746 D2 - 0.6373 D + 0.6366
 Buchanania lanzan,BE3 = 0.0888 D12 + 0.0680 Di + 0.5616
 Buchanania lanzan,BE2 = 0.0108 D12 - 0.0187 Di + 0.1278
Madhuca latifolia,BE2 = 199.2222 D2 + 263.1915 D - 9.9139
Madhuca latifolia,BE2 = 6.1590 D - 0.3077
Madhuca latifolia,BE2 = 0.1405 D12 - 0.0649 D1 + 0.7852
Madhuca latifolia,BE4 = 0.0015 D12 + 0.0042 D1 + 0.0175
Madhuca longifolia,BE2 = 199.2222 D2 + 263.1915 D - 9.9139
Madhuca longifolia,BE2 = 6.1590 D - 0.3077
Madhuca longifolia,BE2 = 0.1405 D12 - 0.0649 D1 + 0.7852
Madhuca longifolia,BE4 = 0.0015 D12 + 0.0042 D1 + 0.0175
Madhuca indica,BE2 = 199.2222 D2 + 263.1915 D - 9.9139
Madhuca indica,BE2 = 6.1590 D - 0.3077
Madhuca indica,BE2 = 0.1405 D12 - 0.0649 D1 + 0.7852
Madhuca indica,BE4 = 0.0015 D12 + 0.0042 D1 + 0.0175
(Old) Bassia latifolia,BE2 = 199.2222 D2 + 263.1915 D - 9.9139
(Old) Bassia latifolia,BE2 = 6.1590 D - 0.3077
(Old) Bassia latifolia,BE2 = 0.1405 D12 - 0.0649 D1 + 0.7852
(Old) Bassia latifolia,BE4 = 0.0015 D12 + 0.0042 D1 + 0.0175
Acacia catechu,BEI= 412.9191 D2- 2.7602 D + 11.2512
Acacia catechu,BE2 = 7.0246 D2 - 1.8951 D + 0.5892
Acacia catechu,BE2 = 0.1995 D12 - 0.3849 D1 + 1.6476
Acacia catechu,BE4 = -0.0007 D12 + 0.0562 D1 + 0.0312
10    Gardenia resinifera,BE2 = 167.8008 D2 + 212.0485 D - 10.6145
Gardenia turgida,BE2 = 167.8008 D2 + 212.0485 D - 10.6145
Gardenia lucida,BE2 = 167.8008 D2 + 212.0485 D - 10.6145
Gardenia latifolia,BE2 = 167.8008 D2 + 212.0485 D - 10.6145
Gardenia gum,BE2 = 167.8008 D2 + 212.0485 D - 10.6145
10    Gardenia resinifera,BE2 = 3.9604 D2 + 2.5419 D + 0.4212
Gardenia turgida,BE2 = 3.9604 D2 + 2.5419 D + 0.4212
Gardenia lucida,BE2 = 3.9604 D2 + 2.5419 D + 0.4212
Gardenia latifolia,BE2 = 3.9604 D2 + 2.5419 D + 0.4212
Gardenia gum,BE2 = 3.9604 D2 + 2.5419 D + 0.4212
10    Gardenia resinifera,BE2 = 0.1779 D12 - 0.5745 D1 + 1.6701
Gardenia turgida,BE2 = 0.1779 D12 - 0.5745 D1 + 1.6701
Gardenia lucida,BE2 = 0.1779 D12 - 0.5745 D1 + 1.6701
Gardenia latifolia,BE2 = 0.1779 D12 - 0.5745 D1 + 1.6701
Gardenia gum,BE2 = 0.1779 D12 - 0.5745 D1 + 1.6701
10    Gardenia resinifera,BE4 = 0.0119 D12 - 0.0425 D1 + 0.1287
Gardenia turgida,BE4 = 0.0119 D12 - 0.0425 D1 + 0.1287
Gardenia lucida,BE4 = 0.0119 D12 - 0.0425 D1 + 0.1287
Gardenia latifolia,BE4 = 0.0119 D12 - 0.0425 D1 + 0.1287
Gardenia gum,BE4 = 0.0119 D12 - 0.0425 D1 + 0.1287
Wrightia tinctoria,BE2 = 703.4801 D2 - 128.9582 D + 13.6679
Wrightia tinctoria,BE2 = -4.0215 D2 + 4.6618 D - 0.2465
Wrightia tinctoria,BE2 = 0.0232 D12 + 0.5686 D1 - 0.2292
Wrightia tinctoria,BE4 = 0.0006 D12 + 0.0111 D1 + 0.0151
Cleistanthus collinus,BE2 = 267.9289 D2 + 203.8644 D - 13.2061
Cleistanthus collinus,BE2 = 4.1925 D2 + 0.6047 D + 0.1422
Cleistanthus collinus,BE2 = 0.0895 D12 + 0.3236 D1 + 0.5934
Cleistanthus collinus,BE4 = 0.0006 D12 + 0.0129 D1 - 0.0064
Syzygium cumini,BE2= 252.1925 D2 + 138.7321 D - 10.9596
Syzygium jambolanum,BE2= 252.1925 D2 + 138.7321 D - 10.9596
(Old) Eugenia jambolana,BE2= 252.1925 D2 + 138.7321 D - 10.9596
Syzygium cumini,BE2 = 10.9963 D2 - 1.6709 D + 0.6265
Syzygium jambolanum,BE2 = 10.9963 D2 - 1.6709 D + 0.6265
(Old) Eugenia jambolana,BE2 = 10.9963 D2 - 1.6709 D + 0.6265
Syzygium cumini,BE3 = 0.5933 D1 - 0.0378
Syzygium jambolanum,BE3 = 0.5933 D1 - 0.0378
(Old) Eugenia jambolana,BE3 = 0.5933 D1 - 0.0378
Syzygium cumini,BE4 = 0.0095 D12 - 0.0349 D1 + 0.0480
Syzygium jambolanum,BE4 = 0.0095 D12 - 0.0349 D1 + 0.0480
(Old) Eugenia jambolana,BE4 = 0.0095 D12 - 0.0349 D1 + 0.0480
16    Zizyphus xylopyrus,BEI= 625.9479 D2 - 132.8810 D + 16.6826
Zizyphus xylopyrus,BE2= 1.4667 D2 + 0.4772 D + 0.0650
Zizyphus xylopyrus,BE2 = 0.0564 D12 + 0.5274 D1 - 0.3069
Zizyphus xylopyrus,BE4 = -0.0005 D12 + 0.0207 Di + 0.0120
17    Aegle marmelos,BE2 = 604.8017 D2 + 0.0041 D + 1.7251
Aegle marmelos,BE2 = 43.2013 D2- 11.9883 D + 1.0009
Aegle marmelos,BE2 = 0.0940 D12 + 0.0813 D1 + 0.1856
Aegle marmelos,BE4 = 0.0081 D12 - 0.0021 Di + 0.0102
18    Bauhinia retusa,BE2 = 57.2611 D2 + 205.3085 D - 15.5737
Bauhinia variegata,BE2 = 57.2611 D2 + 205.3085 D - 15.5737
Phanera variegata,BE2 = 57.2611 D2 + 205.3085 D - 15.5737
18    Bauhinia retusa,BE2 = 1.6214 logeD + 3.9181
Bauhinia variegata,BE2 = 1.6214 logeD + 3.9181
Phanera variegata,BE2 = 1.6214 logeD + 3.9181
18    Bauhinia retusa,BE3 = 0.0508 D12 + 0.3060 Di + 0.2747
Bauhinia variegata,BE3 = 0.0508 D12 + 0.3060 Di + 0.2747
Phanera variegata,BE3 = 0.0508 D12 + 0.3060 Di + 0.2747
18    Bauhinia retusa,BE4 = 0.0083 D12 - 0.0012 D1 + 0.0113
Bauhinia variegata,BE4 = 0.0083 D12 - 0.0012 D1 + 0.0113
Phanera variegata,BE4 = 0.0083 D12 - 0.0012 D1 + 0.0113
East Deccan,region
1    Shorea robusta,BE2= 96.1525 D2 + 141.9383 D - 7.6058
Shorea robusta,BE2 = 17.2383 D2 + 4.2380 D - 0.1970
Shorea robusta,BE3 = -0.0561 D12 + 1.3533 D1 - 0.6625
Shorea robusta,BE4 = 0.0001 D13- 0.0085 D12+ 0.1150 D1 - 0.0198
Terminalia crenulata,BE2 = 487.5527 D2 + 151.9905 D - 10.5122
Terminalia crenulata,BE2 = 20.6898 D2 + 0.6700 D + 0.7183
Terminalia crenulata,BE3 = 0.2261 D12- 0.2118 D1 + 0.4479
Terminalia crenulata,BE4 = 0.0231 D12- 0.0128 D1 + 0.0067
Terminalia tomentosa,BE2 = 487.5527 D2 + 151.9905 D - 10.5122
Terminalia tomentosa,BE2 = 20.6898 D2 + 0.6700 D + 0.7183
Terminalia tomentosa,BE3 = 0.2261 D12- 0.2118 D1 + 0.4479
Terminalia tomentosa,BE4 = 0.0231 D12- 0.0128 D1 + 0.0067
Buchanania latifolia,BE2 = 371.3904 D2 - 24.8493 D + 11.8891
Buchanania latifolia,BE2 = 11.5126 D2 + 11.7616 D - 0.4661
Buchanania latifolia,BE3 = 0.1774 D12 + 0.0497 D1 + 0.2405
Buchanania latifolia,BE4 = 0.0167 D12- 0.0533 D1 + 0.1272
Buchanania lanzan,BE4 = 0.0167 D12- 0.0533 D1 + 0.1272
Buchanania lanzan,BE2 = 371.3904 D2 - 24.8493 D + 11.8891
Buchanania lanzan,BE2 = 11.5126 D2 + 11.7616 D - 0.4661
Buchanania lanzan,BE3 = 0.1774 D12 + 0.0497 D1 + 0.2405
Lagerstroemia parviflora,BE2 = 282.0677 D2 + 122.5817 D - 1.6765
Lagerstroemia parviflora,BE2 = 4.4738 D2 + 10.3883 D - 0.2022
Lagerstroemia parviflora,BE3 = 0.3060 D12 - 0.8760 Di + 1.8367
Lagerstroemia parviflora,BE4 = 0.0057 D12 + 0.0473 D1 + 0.0448
Diospyros melanoxylon,BEI= 454.7209 D2 + 91.0511 D - 0.7796
Diospyros melanoxylon,BE2 = 6.0086 D2 + 14.4343 D - 0.6523
Diospyros melanoxylon,BE2 = 0.2289 D12 - 0.5895 D1 + 1.2901
Diospyros melanoxylon,BE4 = 0.0054 D12 - 0.0027 D1 + 0.0586
12    Lannea coromandelica,BEI= -480.8026 D3 + 776.5053 D2 - 12.8368 D +3.2642
12    Lannea coromandelica,BE2 = 24.8730 D3 - 34.3265 D2 + 32.9611 D - 2.2382
12    Lannea coromandelica,BE3 = 0.1437 D12 - 0.0925 D1 + 0.2315
12    Lannea coromandelica,BE4 = 0.0041 D12 + 0.0476 D1 + 0.0538
Lannea grandis,BEI= -480.8026 D3 + 776.5053 D2 - 12.8368 D +3.2642
Lannea grandis,BE2 = 24.8730 D3 - 34.3265 D2 + 32.9611 D - 2.2382
Lannea grandis,BE3 = 0.1437 D12 - 0.0925 D1 + 0.2315
Lannea grandis,BE4 = 0.0041 D12 + 0.0476 D1 + 0.0538
Odina wodier,BEI= -480.8026 D3 + 776.5053 D2 - 12.8368 D +3.2642
Odina wodier,BE2 = 24.8730 D3 - 34.3265 D2 + 32.9611 D - 2.2382
Odina wodier,BE3 = 0.1437 D12 - 0.0925 D1 + 0.2315
Odina wodier,BE4 = 0.0041 D12 + 0.0476 D1 + 0.0538
Anogeissus latifolia,BE2 = 617.5004 D2 + 213.1245 D - 10.7193
Anogeissus latifolia,BE2 = 2.6012 D2 + 4.6100 D + 0.4850
Anogeissus latifolia,BE2 = 0.0093 D12 + 2.0713 D1- 1.3562
Anogeissus latifolia,BE4 = 0.0055 D12 + 0.0538 D1 - 0.0308
Madhuca latifolia,BE2= 363.8918 D2 + 21.7241 D + 12.4076
Madhuca latifolia,BE2 = -0.5623 D2 + 5.9581 D - 0.3769
Madhuca latifolia,BE3 = 0.1643 D12- 0.1839 Di + 0.8660
Madhuca latifolia,BE4 = 0.0015 D12 + 0.0042 Di + 0.0175
Madhuca longifolia,BE2= 363.8918 D2 + 21.7241 D + 12.4076
Madhuca longifolia,BE2 = -0.5623 D2 + 5.9581 D - 0.3769
Madhuca longifolia,BE3 = 0.1643 D12- 0.1839 Di + 0.8660
Madhuca longifolia,BE4 = 0.0015 D12 + 0.0042 Di + 0.0175
Madhuca indica,BE2= 363.8918 D2 + 21.7241 D + 12.4076
Madhuca indica,BE2 = -0.5623 D2 + 5.9581 D - 0.3769
Madhuca indica,BE3 = 0.1643 D12- 0.1839 Di + 0.8660
Madhuca indica,BE4 = 0.0015 D12 + 0.0042 Di + 0.0175
Bassia latifolia,BE2= 363.8918 D2 + 21.7241 D + 12.4076
Bassia latifolia,BE2 = -0.5623 D2 + 5.9581 D - 0.3769
Bassia latifolia,BE3 = 0.1643 D12- 0.1839 Di + 0.8660
Bassia latifolia,BE4 = 0.0015 D12 + 0.0042 Di + 0.0175
Chloroxylon swietenia,BE2 = 975.0536 D2 + 304.3150 D - 28.7845
Chloroxylon swietenia,BE2 = 1.1759 D2 + 12.2568 D - 0.5698
Chloroxylon swietenia,BE2 = 0.2140 D12 - 0.3769 D1 + 0.6000
Chloroxylon swietenia,BE4 = 0.0104 D12 - 0.0135 D1 + 0.0148
Tectona grandis,BE2 = 400.7901 D2 + 154.6186 D - 10.3648
Tectona grandis,BE2 = 0.8874 D2 + 7.7946 D + 0.2524
Tectona grandis,BE3 = 0.0236 D13 - 0.0907 D12 + 0.1486 Di + 0.7882
Tectona grandis,BE4 = 0.0121 D12 - 0.0132 D1 + 0.0450
Butea frondosa,BE1 = 370.0886 D2 - 109.6483 D + 17.2888
Butea frondosa,BE2 = 60.7797 D2 - 17.5339 D + 2.3183
Butea frondosa,BE3 = 0.0863 D12 - 0.0040 D1 + 0.5788
Butea frondosa,BE4 = 0.0033 D12 + 0.0519 D1 + 0.1722
11    Butea monosperma(Old),BE1 = 370.0886 D2 - 109.6483 D + 17.2888
Butea monosperma(Old),BE2 = 60.7797 D2 - 17.5339 D + 2.3183
Butea monosperma(Old),BE3 = 0.0863 D12 - 0.0040 D1 + 0.5788
Butea monosperma(01d),BE4 = 0.0033 D12 + 0.0519 D1 + 0.1722
South Deccan,region
1    Tectona grandis,BE1 = 539.6789 D2- 91.0556 D + 27.1753
Tectona grandis,BE2 = 25.3092 D2 + 0.7069 D + 0.5550
Tectona grandis,BE3 = 0.2044 D12 + 1.0601 D1 - 1.2801
Tectona grandis,BE1 = 0.0080 D12 + 0.0186 D1 + 0.0267
2    Anogeissus latifolia,BE1 = 527.5528 D2 + 190.9378 D - 6.3153
Anogeissus latifolia,BE1 = 1.8701 D2 + 2.0075 D - 0.0042
Anogeissus latifolia,BE1 = 0.1675 D12 + 0.5589 Di + 0.7879
Anogeissus latifolia,BE1 = 0.0025 D12 + 0.0046 D1 + 0.0086
3   Terminalia crenulata,BE1 = 810.6925 D2 - 139.3736 D + 36.0631
3   Terminalia crenulata,BE2 = 5.5404 D2 + 2.6344 D + 0.0470
3   Terminalia crenulata,BE3 = 0.2952 D12 - 0.5102 Di + 1.4387
3   Terminalia crenulata,BE1 = 0.0021 D12 - 0.0009 Di + 0.0157
Terminalia tomentosa,BE1 = 810.6925 D2 - 139.3736 D + 36.0631
Terminalia tomentosa,BE2 = 5.5404 D2 + 2.6344 D + 0.0470
Terminalia tomentosa,BE3 = 0.2952 D12 - 0.5102 Di + 1.4387
Terminalia tomentosa,BE1 = 0.0021 D12 - 0.0009 Di + 0.0157
4    Albizia amara,BE1 = -31.5487 D2 + 88.5829 D + 1.3364
Albizia amara,BE2 = -0.6411 D2 + 2.7919 D + 0.0396
Albizia amara,BE3 = 0.0363 D12 + 1.4877 Di - 0.7142
Albizia amara,BE1 = 0.0012 D12 + 0.0209 D1 + 0.0161
5    Chloroxylon swietenia,BE1 = 488.0505 D2 + 33.6399 D + 15.4392
Chloroxylon swietenia,BE1 = 14.1500 D2 - 0.9931 D + 0.4151
Chloroxylon swietenia,BE1 = 0.3823 D12- 1.2603 D1 + 1.8184
Chloroxylon swietenia,BE1 = 0.0043 D12- 0.0183 D1 + 0.0393
Dalbergia paniculata,BE2 = -102.7024 D2 + 293.0061 D - 11.0535
Dalbergia paniculata,BE2 = -9.9474 D2 + 15.0404 D - 0.1593
Dalbergia paniculata,BE3 = 0.2463 D12 - 0.3225 Di + 0.5993
Dalbergia paniculata,BE4 = 0.0072 D12 + 0.0776 D1 - 0.0471
Eucalyptus species,BE2 = 1992.5579 D2 - 569.1502 D + 58.6038
Eucalyptus species,BE2 = 108.9443 D2 - 30.6000 D + 3.4514
Eucalyptus species,BE2 = 0.1846 D12 + 0.6850 D1 - 0.6812
Eucalyptus species,BE4 = 0.0169 D12 + 0.0038 D1 + 0.0106
Butea monosperma(Old),BE2 = -112.9531 D2 + 137.3176 D - 6.7571
Butea monosperma(Old),BE2 = -21.0604 D2 + 28.5709 D - 1.8295
Butea monosperma(Old),BE2 = 0.0459 D12 + 0.4265 D1 - 0.4595
Butea monosperma(Oid),BE4 = 0.0011 D12 + 0.0548 D1 - 0.0031
Butea frondosa,BE2 = -112.9531 D2 + 137.3176 D - 6.7571
Butea frondosa,BE2 = 0.0459 D12 + 0.4265 D1 - 0.4595
Butea frondosa,BE2 = -21.0604 D2 + 28.5709 D - 1.8295
Butea frondosa,BE4 = 0.0011 D12 + 0.0548 D1 - 0.0031
Lagerstroemia lanceolata,BE2 = 100.9008 D2 + 84.8999 D + 4.2891
Lagerstroemia lanceolata,BE2 = 8.7374 D2 + 6.2665 D - 0.4480
Lagerstroemia lanceolata,BE2 = 0.1927 D12 + 0.4646 D1 + 0.1709
Lagerstroemia lanceolata,BE4 = 0.0026 D12 + 0.0024 D1 + 0.0440
Lagerstroemia microcarpa,BE2 = 100.9008 D2 + 84.8999 D + 4.2891
Lagerstroemia microcarpa,BE2 = 8.7374 D2 + 6.2665 D - 0.4480
Lagerstroemia microcarpa,BE2 = 0.1927 D12 + 0.4646 D1 + 0.1709
Lagerstroemia microcarpa,BE4 = 0.0026 D12 + 0.0024 D1 + 0.0440
Hardwickia binata,BE2 = 111.0238 D2 + 88.3600 D + 5.3628
Hardwickia binata,BE2 = -2.4828 D2 + 13.0998 D - 0.2666
Hardwickia binata,BE2 = 0.2426 D12 + 0.1704 D1 - 0.2384
Hardwickia binata,BE4 = 0.0128 D12 + 0.0298 D1 - 0.0483
Wrightia tinctoria,BE2 = 844.1903 D2- 209.0971 D + 22.2997
Wrightia tinctoria,BE2 = 32.1939 D2 - 5.8653 D + 0.8683
Wrightia tinctoria,BE3 = 0.1241 D12 + 0.3036 Di - 0.2649
Wrightia tinctoria,BE4 = 0.0054 D12 + 0.0148 D1 - 0.0268
Syzygium cumini,BE2 = 855.3180 D2 - 242.6737 D + 46.4286
Syzygium cumini,BE2 = 53.5761 D2 - 11.0837 D + 2.0611
Syzygium cumini,BE3 = 0.1650 D12 + 1.5328 D1 - 1.9294
Syzygium cumini,BE2 = 0.0108 D12 + 0.0597 D1 - 0.0420
Syzygium jambolanum,BE2 = 855.3180 D2 - 242.6737 D + 46.4286
Syzygium jambolanum,BE2 = 53.5761 D2 - 11.0837 D + 2.0611
Syzygium jambolanum,BE3 = 0.1650 D12 + 1.5328 D1 - 1.9294
Syzygium jambolanum,BE2 = 0.0108 D12 + 0.0597 D1 - 0.0420
(Old) Eugenia jambolana,BE2 = 855.3180 D2 - 242.6737 D + 46.4286
(Old) Eugenia jambolana,BE2 = 53.5761 D2 - 11.0837 D + 2.0611
(Old) Eugenia jambolana,BE3 = 0.1650 D12 + 1.5328 D1 - 1.9294
(Old) Eugenia jambolana,BE2 = 0.0108 D12 + 0.0597 D1 - 0.0420
Western Ghats,region
1    Tectona grandis,BE2 = 426.4085 D2 - 65.3303 D + 30.9354
Tectona grandis,BE2 = 4.0598 D2 + 1.0953 D + 0.3664
Tectona grandis,BE3 = 0.3533 D12 + 0.1121 D1 - 0.3794
Tectona grandis,BE4 = 0.0015 D12 + 0.0013 D1 + 0.0066
2    Anogeissus latifolia,BE = 1983.9425 D3 - 1588.1130 D2 + 533.6380 D -23.3952
Anogeissus latifolia,BE2 = 6.6210 D2 - 1.2689 D + 0.4737
Anogeissus latifolia,BE2 = 0.3349 D12- 0.3465 D1 + 1.9953
Anogeissus latifolia,BE4 = 0.0012 D12 + 0.0045 D1 + 0.0504
Terminalia crenulata,BE = 1815.5165 D3-1348.7147 D2 + 594.0835 D -29.0793
Terminalia crenulata,BE2 = 44.8486 D2 - 8.7590 D + 1.2305
Terminalia crenulata,BE3 = 0.4186 D12- 1.3886 D1 + 2.4775
Terminalia crenulata,BE4 = 0.0105 D12- 0.0363 D1 + 0.1030
Terminalia tomentosa,BE = 1815.5165 D3-1348.7147 D2 + 594.0835 D -29.0793
Terminalia tomentosa,BE2 = 44.8486 D2 - 8.7590 D + 1.2305
Terminalia tomentosa,BE3 = 0.4186 D12- 1.3886 D1 + 2.4775
Terminalia tomentosa,BE4 = 0.0105 D12- 0.0363 D1 + 0.1030
4    Holarrhena antidysenterica,BE2 = 140.3103 D2 + 199.3693 D - 8.2801
Holarrhena antidysenterica,BE2 = 6.6914 D2 + 11.6819 D - 0.7106
Holarrhena antidysenterica,BE3 = 0.1875 D12 + 0.4663 D1 + 1.2023
Holarrhena antidysenterica,BE4 = 0.0656 D1 - 0.0051
5    Terminalia paniculata,BE2 = 362.5509 D2 + 278.3135 D - 17.7837
Terminalia paniculata,BE2 = 8.1731 D2 + 10.4816 D - 0.7031
Terminalia paniculata,BE3 = 0.2724 D12- 0.0125 D1 - 0.0558
Terminalia paniculata,BE4 = 0.0064 D12- 0.0052 D1 + 0.0306
6    Macaranga peltata,BE2 = -351.6206 D2 + 698.1528 D - 49.8923
Macaranga peltata,BE2 = -17.3870 D2 + 43.6160 D - 3.0387
Macaranga peltata,BE3 = 0.2502 D12 + 0.1864 D1 - 0.4365
Macaranga peltata,BE4 = 0.0208 D12- 0.0584 D1 + 0.0589
Syzygium cumini,BE2 = 1720.1630 D2 - 423.8031 D + 49.9381
Syzygium cumini,BE2 = 30.1113 D3 + 47.5624 D2- 12.5773 D + 2.7618
Syzygium cumini,BE3 = 0.4284 D12 - 1.4660 D1 + 2.4189
Syzygium cumini,BE2 = 0.0222 D12 - 0.0127 D1 + 0.0632
Syzygium jambolanum,BE2 = 1720.1630 D2 - 423.8031 D + 49.9381
Syzygium jambolanum,BE2 = 30.1113 D3 + 47.5624 D2- 12.5773 D + 2.7618
Syzygium jambolanum,BE3 = 0.4284 D12 - 1.4660 D1 + 2.4189
Syzygium jambolanum,BE2 = 0.0222 D12 - 0.0127 D1 + 0.0632
(Old) Eugenia jambolana,BE2 = 1720.1630 D2 - 423.8031 D + 49.9381
(Old) Eugenia jambolana,BE2 = 30.1113 D3 + 47.5624 D2- 12.5773 D + 2.7618
(Old) Eugenia jambolana,BE3 = 0.4284 D12 - 1.4660 D1 + 2.4189
(Old) Eugenia jambolana,BE2 = 0.0222 D12 - 0.0127 D1 + 0.0632
Schleichera trijuga,BE2 = -23.7715 D2 + 374.0009 D - 11.3382
Schleichera trijuga,BE2 = 13.2675 D2 + 10.6145 D + 0.7554
Schleichera trijuga,BE3 = 0.5121 D12- 1.2087 D1 + 1.9627
Schleichera trijuga,BE2 = 0.0058 D12 + 0.1484 D1 + 0.0070
Schleichera oleosa,BE2 = -23.7715 D2 + 374.0009 D - 11.3382
Schleichera oleosa,BE2 = 13.2675 D2 + 10.6145 D + 0.7554
Schleichera oleosa,BE3 = 0.5121 D12- 1.2087 D1 + 1.9627
Schleichera oleosa,BE2 = 0.0058 D12 + 0.1484 D1 + 0.0070
Myristica malabarica,BE2 = 368.3320 D2 + 159.3366 D + 7.8771
Myristica malabarica,BE2 = 16.2036 D2 + 5.4228 D + 1.5594
Myristica malabarica,BE3 = 0.3164 D12 + 0.3275 Di + 0.2305
Myristica malabarica,BE2 = 0.0340 D12 - 0.1066 D1 + 0.2631
Artocarpus heterophyllus,BE2 = -187.2610 D2 + 496.1925 D - 31.2311
Artocarpus heterophyllus(Old),BE2 = -4.7945 D2 + 26.9481 D - 1.5618
Artocarpus heterophyllus(Old),BE3 = 0.3121 D12- 0.7693 D1 + 1.1439
Artocarpus heterophyllus(Old),BE2 = 0.0197 D12- 0.0557 D1+ 0.1090
Artocarpus integrifolia,BE1 = -187.2610 D2 + 496.1925 D - 31.2311
Artocarpus integrifolia,BE2 = -4.7945 D2 + 26.9481 D - 1.5618
Artocarpus integrifolia,BE3 = 0.3121 D12- 0.7693 D1 + 1.1439
Artocarpus integrifolia,BE2 = 0.0197 D12- 0.0557 D1+ 0.1090
Pinus petula,BE2 = 593.5119 D2 + 67.7435 D + 6.1820
Pinus petula,BE2 = 91.3057 D2 - 13.2752 D + 2.3799
Pinus petula,BE3 = 0.3316 D12 + 0.5356 D1 - 0.2299
Pinus petula,BE2 = 0.0117 D12 + 0.1553 D1 - 0.0117
Lagerstroemia lanceolata,BE2 = -123.7223 D2 + 290.7752 D - 13.5650
Lagerstroemia lanceolata,BE2 = -2.7947 D2 + 7.1714 D - 0.3286
Lagerstroemia lanceolata,BE3 = 0.2400 D12- 0.1514 D1 + 0.7339
Lagerstroemia lanceolata,BE2 = 0.0041 D12 - 0.0095 Di + 0.0495
Lagerstroemia microcarpa,BE2 = -123.7223 D2 + 290.7752 D - 13.5650
Lagerstroemia microcarpa,BE2 = -2.7947 D2 + 7.1714 D - 0.3286
Lagerstroemia microcarpa,BE3 = 0.2400 D12- 0.1514 D1 + 0.7339
Lagerstroemia microcarpa,BE2 = 0.0041 D12 - 0.0095 Di + 0.0495
13    Olea dioica,BE2 = 362.7717 D2 + 210.9870 D - 12.1988
Olea dioica,BE2 = 23.3807 D2 + 3.2779 D + 0.2784
Olea dioica,BE2 = 0.1892 D12 + 0.4478 D1 - 0.0970
Olea dioica,BE2 = 0.0037 D12 + 0.0383 D1 + 0.0399
14    Aporosa lindleyana,BE2 = 530.3446 D2 - 110.2824 D + 24.3668
Aporosa lindleyana,BE2 = 35.9394 D2 - 2.9608 D + 0.8623
Aporosa lindleyana,BE3 = 0.2798 D12 + 0.0430 D1 + 0.0606
Aporosa lindleyana,BE. = 0.0107 D12 + 0.0178 D1 - 0.0003
15    Palaquim ellipticum,BE2 = 775.1896 D2 + 125.0958 D - 6.8587
Palaquim ellipticum,BE2 = 110.1075 D2 - 30.0260 D + 2.9517
Palaquim ellipticum,BE2 = 0.0466 D13 - 0.3060 D12 + 1.4217 D1 - 0.3071
Palaquim ellipticum,BE2 = 0.0020 D13 - 0.0205 D12 + 0.0923 D1 + 0.0019
16    Xylia xylocarpus,BE2 = 568.7019 D2 - 55.8345 D + 21.9233
Xylia xylocarpus,BE2 = 41.5004 D2 - 8.6750 D + 1.3020
Xylia xylocarpus,BE2 = 0.2545 D12 + 0.2466 D1 + 0.0771
Xylia xylocarpus,BE2 = 0.0093 D12 - 0.0287 D1 + 0.0676
Eastern Ghats,region
1    Anogeissus latifolia,BE2 = -121.0216 D2 + 500.9042 D - 28.9668
Anogeissus latifolia,BE2 = -5.4172 D2 + 25.3317 D - 1.9576
Anogeissus latifolia,BE3 = 0.3864 Di 2 - 0.1017 D1 + 0.6930
Anogeissus latifolia,BE2 = 0.0119 D12- 0.0244 D1 + 0.0553
2    Pterocarpus marsupium,BE2 = 110.8192 D2 + 214.1240 D + 3.5771
Pterocarpus marsupium,BE2 = 4.2573 D2 + 1.6800 D + 0.9568
Pterocarpus marsupium,BE3 = 0.4878 D12- 0.9367 Di + 0.5848
Pterocarpus marsupium,BE2 = 0.0143 D12- 0.0025 D1 + 0.0594
3    Xylia xylocarpus,BE2 = -496.1913 D3 + 1071.9492 D2-1654776 D + 23.4904
Xylia xylocarpus,BE2 = 14.0701 D2 + 3.9727 D + 0.3602
Xylia xylocarpus,BE3 = 0.1199 D12 + 1.2698 D1 - 0.1217
Xylia xylocarpus,BE4 = 0.0048 D12 + 0.0336 D1 + 0.1327
12    Lannea coromandelica,BE2 = 271.6220 D2 - 40.3564 D + 19.9687
12    Lannea coromandelica,BE2 = 11.1041 D2- 1.5074 D + 0.6238
12    Lannea coromandelica,BE3 = 0.2214 D12- 0.3856 D1 + 1.0501
12    Lannea coromandelica,BE4 = 0.0083 D12 - 0.0262 D1 + 0.0415
Lannea grandis,BE2 = 271.6220 D2 - 40.3564 D + 19.9687
Lannea grandis,BE2 = 11.1041 D2- 1.5074 D + 0.6238
Lannea grandis,BE3 = 0.2214 D12- 0.3856 D1 + 1.0501
Lannea grandis,BE4 = 0.0083 D12 - 0.0262 D1 + 0.0415
Odina wodier,BE2 = 271.6220 D2 - 40.3564 D + 19.9687
Odina wodier,BE2 = 11.1041 D2- 1.5074 D + 0.6238
Odina wodier,BE3 = 0.2214 D12- 0.3856 D1 + 1.0501
Odina wodier,BE4 = 0.0083 D12 - 0.0262 D1 + 0.0415
Albizia amara,BE = -386.5990 D3 + 671.8284 D2- 31.9297 D + 13.2123
Albizia amara,BE2 = 9.0211 D2 + 0.9626 D + 0.6121
Albizia amara,BE3 = 0.2472 D12 - 0.4306 D1 + 1.1724
Albizia amara,BE4 = 0.0103 D12 - 0.0305 D1 + 0.0394
Terminalia crenulata,BE2 = -40.7829 D2 + 287.6667 D - 6.1942
Terminalia crenulata,BE2 = 5.9678 D2 + 12.1631 D - 0.0384
Terminalia crenulata,BE2 = 0.2815 D12 + 0.1622 D1 - 0.3747
Terminalia crenulata,BE2 = 0.0084 D12 + 0.0047 D1 + 0.0684
Terminalia tomentosa,BE2 = -40.7829 D2 + 287.6667 D - 6.1942
Terminalia tomentosa,BE2 = 5.9678 D2 + 12.1631 D - 0.0384
Terminalia tomentosa,BE2 = 0.2815 D12 + 0.1622 D1 - 0.3747
Terminalia tomentosa,BE2 = 0.0084 D12 + 0.0047 D1 + 0.0684
Syzygium cumini,BE2 = 986.1005 D2 - 92.1288 D + 33.8089
Syzygium cumini,BE2 = 11.5552 D2 + 17.0550 D - 0.7249
Syzygium cumini,BE2 = 0.4195 D12- 1.3629 D1 + 2.2772
Syzygium cumini,BE4 = 0.0120 D12 + 0.0650 D1 - 0.0304
Syzygium jambolanum,BE2 = 986.1005 D2 - 92.1288 D + 33.8089
Syzygium jambolanum,BE2 = 11.5552 D2 + 17.0550 D - 0.7249
Syzygium jambolanum,BE2 = 0.4195 D12- 1.3629 D1 + 2.2772
Syzygium jambolanum,BE4 = 0.0120 D12 + 0.0650 D1 - 0.0304
(Old) Eugenia jambolana,BE2 = 986.1005 D2 - 92.1288 D + 33.8089
(Old) Eugenia jambolana,BE2 = 11.5552 D2 + 17.0550 D - 0.7249
(Old) Eugenia jambolana,BE2 = 0.4195 D12- 1.3629 D1 + 2.2772
(Old) Eugenia jambolana,BE4 = 0.0120 D12 + 0.0650 D1 - 0.0304
Protium caudatum,BE2 = -62.6698 D2 + 247.9972 D + 0.1338
Protium caudatum,BE2 = 11.8728 D2 - 2.2968 D + 1.2622
Protium caudatum,BE2 = 0.3017 D12 - 0.2789 D1 + 1.2292
Protium caudatum,BE4 = 0.0050 D12 + 0.0070 D1 + 0.1057
Tectona grandis,BE2 = -169.7104 D2 + 395.4129 D - 20.4598
Tectona grandis,BE2 = -1.0487 D2 + 5.7623 D + 0.0875
Tectona grandis,BE3 = 0.3080 D12 - 0.2848 D1 + 1.2549
Tectona grandis,BE4 = 0.0439 D1 + 0.0603
Buchanania latifolia,BE2 = 514.5816 D2 - 110.3860 D + 19.3994
Buchanania latifolia,BE2 = 26.1420 D2 - 1.3736 D + 0.1491
Buchanania latifolia,BE3 = 0.1721 D12- 0.1164 D1 + 1.0897
Buchanania latifolia,BE4 = 0.0029 D12- 0.0005 Di + 0.0924
Buchanania lanzan,BE2 = 514.5816 D2 - 110.3860 D + 19.3994
Buchanania lanzan,BE2 = 26.1420 D2 - 1.3736 D + 0.1491
Buchanania lanzan,BE3 = 0.1721 D12- 0.1164 D1 + 1.0897
Buchanania lanzan,BE4 = 0.0029 D12- 0.0005 Di + 0.0924
Semecarpus anacardium,BE2 = 238.3735 D2 + 154.6146 D + 0.4939
Semecarpus anacardium,BE2 = -145.9652 D3 + 152.4208 D2- 20.6768 D + 1.1954
Semecarpus anacardium,BE3 = 0.4337 D12- 1.7265 D1 + 2.9325
Semecarpus anacardium,BE4 = 0.0015 D12 + 0.0480 D1 + 0.0867
Memecylon angustifolium,BE2 = 1066.9594 D2 + 17.0450 D + 8.6471
Memecylon angustifolium,BE2 = 115.6513 D2 - 21.8666 D + 2.4348
Memecylon angustifolium,BE2 = 0.2995 D12 - 0.6521 D1 + 1.0513
Memecylon angustifolium,BE4 = 0.0095 D12 + 0.0629 Di - 0.0146
Eucalyptus globulus,BE2 = 557.4072 D2 - 32.8449 D + 7.5162
Eucalyptus globulus,BE2 = 40.1676 D2- 10.4524 D + 1.5134
Eucalyptus globulus,BE3 = 0.0473 D12 + 1.4532 Di - 0.9075
Eucalyptus globulus,BE4 = 0.0064 D12 + 0.0264 Di + 0.0089
Grewia tiliaefolia,BE2 = 1088.6600 D2 - 295.8026 D + 31.3839
Grewia tiliaefolia,BE2 = 31.8648 D2 - 5.8728 D + 0.9027
Grewia tiliaefolia,BE3 = 0.1080 D12 + 0.0197 D1 + 0.3650
Grewia tiliaefolia,BE4 = 0.0027 D12 + 0.0187 D1 + 0.0524
Albizia species,BE2 = -0.5537 D2 + 311.6459 D - 17.5544
Albizia species,BE2 = 13.3705 D2 + 3.3486 D - 0.0903
Albizia species,BE3 = 0.2918 D12 - 0.3776 Di + 0.3181
Albizia species,BE4 = 0.0012 D12 + 0.0382 Di + 0.0381
Chloroxylon swietenia,BE2 = -37.7511 D2 + 567.6453 D - 32.7446
Chloroxylon swietenia,BE2 = -30.8783 D2 + 33.6090 D - 1.5800
Chloroxylon swietenia,BE3 = 0.4783 D12- 1.7953 D1 + 2.8131
Chloroxylon swietenia,BE4 = 0.0254 D12- 0.0856 D1 + 0.1643
Diospyros melanoxylon,BE2 = 363.4903 D2 + 63.6002 D + 18.6796
Diospyros melanoxylon,BE2 = 10.6620 D2 + 1.9007 D + 0.6227
Diospyros melanoxylon,BE3 = 0.4217 D12 - 0.8802 D1 + 1.7676
Diospyros melanoxylon,BE4 = 0.0118 D12 - 0.0391 D1 + 0.0988
West Coast,region
Terminalia crenulata,BE2 = 129.4544 D2 + 279.1008 D - 15.8988
Terminalia crenulata,BE2 = 3.7497 D2 + 10.4516 D - 0.4220
Terminalia crenulata,BE2 = 0.2705 D12 - 0.5967 D1 + 0.3978
Terminalia crenulata,BE2 = 0.0095 D12 - 0.0183 D1 + 0.0300
Terminalia tomentosa,BE2 = 129.4544 D2 + 279.1008 D - 15.8988
Terminalia tomentosa,BE2 = 3.7497 D2 + 10.4516 D - 0.4220
Terminalia tomentosa,BE2 = 0.2705 D12 - 0.5967 D1 + 0.3978
Terminalia tomentosa,BE2 = 0.0095 D12 - 0.0183 D1 + 0.0300
2    Tectona grandis,BE2 = -210.8047 D2 + 363.7074 D - 30.9608
Tectona grandis,BE2 = -12.3596 D2 + 19.0225 D - 1.4386
Tectona grandis,BE2 = 0.0199 D12 + 0.4817 Di - 0.0768
Tectona grandis,BE2 = 0.0024 D12+ 0.0092 D1 + 0.0005
3    Terminalia paniculata,BE2 = 89.4351 D2 + 144.8093 D + 3.4972
Terminalia paniculata,BE2 = 1.0052 D2 + 5.8501 D - 0.2071
Terminalia paniculata,BE3 = 0.2006 D12 + 0.0929 D1 - 0.1476
Terminalia paniculata,BE2 = 0.0036 D12 + 0.0151 D1 - 0.0085
4    Anogeissus latifolia,BE2 = 203.6969 D2 + 181.8029 D - 4.7474
Anogeissus latifolia,BE2 = 19.0048 D2 + 2.7890 D + 0.1024
Anogeissus latifolia,BE2 = 0.1883 D12 + 1.2756 D1 - 0.8306
Anogeissus latifolia,BE2 = 0.0127 D12 - 0.0328 D1 + 0.0646
Lannea coromandelica,BE2 = 506.4382 D2 - 52.4468 D + 3.0437
Lannea coromandelica,BE2 = 7.7513 D2 + 0.3448 D + 0.1622
Lannea coromandelica,BE3 = 0.0941 D12- 0.2675 D1 + 0.8115
Lannea coromandelica,BE2 = 0.0020 D12 + 0.0278 D1 + 0.0088
Lannea grandis,BE2 = 506.4382 D2 - 52.4468 D + 3.0437
Lannea grandis,BE2 = 7.7513 D2 + 0.3448 D + 0.1622
Lannea grandis,BE3 = 0.0941 D12- 0.2675 D1 + 0.8115
Lannea grandis,BE2 = 0.0020 D12 + 0.0278 D1 + 0.0088
Odina wodier,BE2 = 506.4382 D2 - 52.4468 D + 3.0437
Odina wodier,BE2 = 7.7513 D2 + 0.3448 D + 0.1622
Odina wodier,BE3 = 0.0941 D12- 0.2675 D1 + 0.8115
Odina wodier,BE2 = 0.0020 D12 + 0.0278 D1 + 0.0088
6    Wrightia tinctoria,BE2 = 25.0382 D2 + 14.3874 D + 3.4237
Wrightia tinctoria,BE2 = 2.5184 D2 + 1.4471 D + 0.3444
Wrightia tinctoria,BE3 = 0.0188 D12 + 0.3085 Di - 0.2230
Wrightia tinctoria,BE4 = 0.0034 D12 + 0.0226 Di - 0.0197
 Bombax ceiba,BE2 = 199.7191 D2 + 40.5382 D + 2.7931
 Bombax ceiba,BE2 = 5.1029 D2 + 1.0464 D + 0.0809
 Bombax ceiba,BE3 = 0.0694 D12 + 0.5091 D1 - 0.1759
 Bombax ceiba,BE4 = 0.0004 D12 + 0.0318 D1 + 0.0309
Bombax malabaricum,BE2 = 199.7191 D2 + 40.5382 D + 2.7931
Bombax malabaricum,BE2 = 5.1029 D2 + 1.0464 D + 0.0809
Bombax malabaricum,BE3 = 0.0694 D12 + 0.5091 D1 - 0.1759
Bombax malabaricum,BE4 = 0.0004 D12 + 0.0318 D1 + 0.0309
Salmalia malabarica,BE2 = 199.7191 D2 + 40.5382 D + 2.7931
Salmalia malabarica,BE2 = 5.1029 D2 + 1.0464 D + 0.0809
Salmalia malabarica,BE3 = 0.0694 D12 + 0.5091 D1 - 0.1759
Salmalia malabarica,BE4 = 0.0004 D12 + 0.0318 D1 + 0.0309
Bombax insigne,BE2 = 199.7191 D2 + 40.5382 D + 2.7931
Bombax insigne,BE2 = 5.1029 D2 + 1.0464 D + 0.0809
Bombax insigne,BE3 = 0.0694 D12 + 0.5091 D1 - 0.1759
Bombax insigne,BE4 = 0.0004 D12 + 0.0318 D1 + 0.0309
8    Terminalia belerica,BE2 = 266.6358 D2 + 290.2640 D - 23.9759
Terminalia belerica,BE2 = 5.2817 D2 + 7.7464 D - 0.0264
Terminalia belerica,BE3 = 0.1241 D12 + 0.7381 Di - 0.8244
Terminalia belerica,BE4 = 0.0021 D12 + 0.0313 D1 - 0.0278
9    Xylia xylocarpus,BE2 = 339.0974 D2 + 152.6241 D - 7.9297
Xylia xylocarpus,BE2 = 11.2178 D2 + 3.3692 D + 0.2132
Xylia xylocarpus,BE3 = 0.1214 D12 + 0.3886 D1 + 1.4836
Xylia xylocarpus,BE4 = 0.0046 D12 + 0.0077 D1 + 0.1764
10    Careya arborea,BE2 = 458.3502 D2 - 89.9168 D + 10.8998
Careya arborea,BE2 = 36.5716 D2 - 7.1744 D + 0.8697
Careya arborea,BE2 = 0.0434 D12 + 0.8321 D1 - 0.8767
Careya arborea,BE4 = 0.0140 D12 - 0.0328 D1 + 0.0291
11    Bridelia retusa,BE2 = 274.2959 D2 - 15.3477 D + 6.6623
11    Bridelia retusa,BE2 = 4.3652 D2 + 5.8977 D + 0.0525
11    Bridelia retusa,BE3 = 0.7561 D1 + 0.0612
11    Bridelia retusa,BE4 = 0.0081 D12 - 0.0285 D1 + 0.0630
Bridelia squamosa,BE2 = 274.2959 D2 - 15.3477 D + 6.6623
Bridelia squamosa,BE2 = 4.3652 D2 + 5.8977 D + 0.0525
Bridelia squamosa,BE3 = 0.7561 D1 + 0.0612
Bridelia squamosa,BE4 = 0.0081 D12 - 0.0285 D1 + 0.0630
12    Boswellia serrata,BE2 = -645.0798 D3 + 1113.3680 D2- 259.1198 D + 27.2892
Boswellia serrata,BE2 = -34.4889 D3 + 59.3882 D2- 14.6827 D + 1.5184
Boswellia serrata,BE2 = 0.1294 D12 - 0.0842 D1 + 0.1589
Boswellia serrata,BE4 = 0.0037 D12 + 0.0198 D1 + 0.0092
East Coast,region
1    Anogeissus latifolia,BE2 = 674.1855 D2- 110.5556 D + 29.0428
Anogeissus latifolia,BE2 = 33.2586 D3 - 19.0005 D2 + 8.5843 D + 0.1585
Anogeissus latifolia,BE3 = 0.3659 D12 - 0.4339 D1 + 2.8980
Anogeissus latifolia,BE4 = 0.0109 D12 - 0.0210 D1 + 0.0506
2    Chloroxylon swietenia,BE2 = 765.2303 D2 + 168.2262 D - 3.0852
Chloroxylon swietenia,BE2 = 8.9006 D2 + 9.2803 D + 0.2925
Chloroxylon swietenia,BE3 = 0.3048 D12 + 0.0510 D1 + 1.3016
Chloroxylon swietenia,BE4 = 0.0192 D12 - 0.0604 D1 + 0.1462
Hardwickia binata,BE2 = 77.1275 D2 + 151.8085 D - 3.8947
Hardwickia binata,BE2 = 16.5442 D2 + 2.5420 D + 0.2356
Hardwickia binata,BE3 = 0.2191 D12 - 0.4328 D1 + 1.0074
Hardwickia binata,BE2 = 0.0135 D12- 0.0276 D1 + 0.0517
Lannea coromandelica,BE2 = 432.2980 D2- 76.6868 D + 19.1344
Lannea coromandelica,BE2 = 14.5699 D2 - 2.4830 D + 0.7867
Lannea coromandelica,BE3 = 0.3170 D12- 0.9568 D1 + 1.4400
Lannea coromandelica,BE4 = 0.0098 D12- 0.0331 Di + 0.0500
Lannea grandis,BE2 = 432.2980 D2- 76.6868 D + 19.1344
Lannea grandis,BE2 = 14.5699 D2 - 2.4830 D + 0.7867
Lannea grandis,BE3 = 0.3170 D12- 0.9568 D1 + 1.4400
Lannea grandis,BE4 = 0.0098 D12- 0.0331 Di + 0.0500
Odina wodier,BE2 = 432.2980 D2- 76.6868 D + 19.1344
Odina wodier,BE2 = 14.5699 D2 - 2.4830 D + 0.7867
Odina wodier,BE3 = 0.3170 D12- 0.9568 D1 + 1.4400
Odina wodier,BE4 = 0.0098 D12- 0.0331 Di + 0.0500
Terminalia crenulata,BE2 = 53.1260 D2 + 168.7540 D - 4.2270
Terminalia crenulata,BE2 = 8.2135 D2 + 10.4334 D - 0.2935
Terminalia crenulata,BE3 = 0.3285 D12- 0.8470 Di + 1.5459
Terminalia crenulata,BE4 = 0.0056 Di2 D12.0240 Di + 0.0470
Terminalia tomentosa,BE2 = 53.1260 D2 + 168.7540 D - 4.2270
Terminalia tomentosa,BE2 = 8.2135 D2 + 10.4334 D - 0.2935
Terminalia tomentosa,BE3 = 0.3285 D12- 0.8470 Di + 1.5459
Terminalia tomentosa,BE4 = 0.0056 Di2 D12.0240 Di + 0.0470
Boswellia serrata,BE2 = 131.8646 D2 + 151.2382 D - 6.7430
Boswellia serrata,BE2 = 5.7979 D2 + 7.9756 D - 0.1766
Boswellia serrata,BE2 = 0.1619 D12 + 0.0616 D1 + 0.1171
Boswellia serrata,BE4 = 0.0102 D12- 0.0267 D1 + 0.0624
Pterocarpus marsupium,BE2 = 36.2830 D2 + 180.2650 D + 6.6087
Pterocarpus marsupium,BE2 = 2.3214 D2 + 3.1932 D + 0.6980
Pterocarpus marsupium,BE3 = 0.4378 D2-12-914 D1 + 1.6650
Pterocarpus marsupium,BE4 = 0.0047 D12 + 0.0659 Di - 0.0257
Zizyphus xylopyrus,BE2 = 700.8008 D2- 165.1396 D + 18.5104
Zizyphus xylopyrus,BE2 = 9.8070 D2- D2-673 D + 0.2926
Zizyphus xylopyrus,BE3 = 0.0610 Di2 D12.7082 D1 + 0.0818
Zizyphus xylopyrus,BE4 = 0.0049 D12- 0.0135 D1 + 0.0390
Dalbergia paniculata,BE2 = 843.0770 D2 - 201.6857 D + 31.5918
Dalbergia paniculata,BE2 = 18.1052 D2 + 1.8575 D + 0.3899
Dalbergia paniculata,BE3 = 0.2468 D12 - 0.3282 D1 + 0.6072
Dalbergia paniculata,BE2 = 0.0091 D12 + 0.0517 D1 - 0.0079
Grewia species,BE2 = 431.9626 D2 + 42.0418 D + 5.3807
Grewia species,BE2 = 23.9226 D2 - 1.6761 D + 0.4293
Grewia species,BE2 = 0.2228 D12 - 0.2016 D1 + 0.7210
Grewia species,BE2 = 0.0039 D12 + 0.0185 D1 + 0.0143
Grewia tiliaefolia,BE2 = 774.4589 D2 - 116.1260 D + 18.3122
Grewia tiliaefolia,BE2 = 36.5148 D2 - 7.4833 D + 0.8974
Grewia tiliaefolia,BE3 = 0.1224 D12 + 0.5551 D1 - 0.5487
Grewia tiliaefolia,BE2 = 0.0021 DV + 0.0203 D1 + 0.0515
Tectona grandis,BE2 = 621.9517 D2- 154.0887 D + 25.0716
Tectona grandis,BE2 = 9.0619 D2 - 1.0880 D + 0.5854
Tectona grandis,BE2 = 0.3555 D12- 1.1680 D1 + 1.8808
Tectona grandis,BE2 = 0.0017 D12 + 0.0248 D1 + 0.0803
Sterculia urens,BE2 = -48.6227 D2 + 94.6488 D - 0.0630
Sterculia urens,BE2 = -0.0177 D2 + 4.8882 D - 0.0948
Sterculia urens,BE2 = 0.1480 D12 + 0.0066 D1 + 0.5951
Sterculia urens,BE4 = 0.0010 D12 + 0.0366 D1 - 0.0128
Diospyros species,BE2 = 164.0576 D2 + 98.0941D + 1.3802
Diospyros species,BE2 = 7.4373 D2 + 3.4612 D - 0.0140
Diospyros species,BE3 = 0.1460 D12 + 0.1213 D1 +D1.8565
Diospyros species,BE2 = 0.0060 D12 - 0.0218 D1 + 0.0310
Wrightia tinctoria,BE2 = 111.7943 D2 + 0.7670 D + 4.4363
Wrightia tinctoria,BE2 = 8.5389 D2 + 0.8670 D + 0.3686
Wrightia tinctoria,BE2 = 0.0539 D12 + 0.1154 D1 + 0.4646
Wrightia tinctoria,BE2 = 0.0048 D12+ 0.0126 D1 - 0.0080
Acacia sundra,BE2 = -46.9981 D2 + 148.5105 D + 1.1821
Acacia sundra,BE2 = -1.0538 D2 + 4.4842 D + 0.0021
Acacia sundra,BE3 = 0.1821 D12 + 0.2052 D1+ 1.7224
Acacia sundra,BE4 = 0.0081 D12- 0.0249 D1 + 0.0269
Western Himalayas,region
Abies pindrow,BE1 = -0.0491 D12 + 2.7026 D1 - 2.8253
Abies pindrow,BE4= -0.0022 D13+ 0.0260 D12+ 0.1971 D1 - 0.0809
Eastern Himalayas,region
Michelia species,BE1 = 0.1699 D12- 0.2576 D1 + 0.9618
Michelia species,BE4 = -0.0026 D12 + 0.1016 Di - 0.0145
North-Eastern Ranges,region
Cedrela toona,BE1 = 650.9882 D2 - 142.8644 D + 25.0843
Cedrela toona,BE2= 24.2705 D2 - 1.1020 D + 0.7574
Toona ciliata,BE1 = 650.9882 D2 - 142.8644 D + 25.0843
Toona ciliata,BE2= 24.2705 D2 - 1.1020 D + 0.7574
Toona microcarpa,BE1 = 650.9882 D2 - 142.8644 D + 25.0843
Toona microcarpa,BE2= 24.2705 D2 - 1.1020 D + 0.7574
Toona febrifuga,BE1 = 650.9882 D2 - 142.8644 D + 25.0843
Toona febrifuga,BE2= 24.2705 D2 - 1.1020 D + 0.7574
Holarrhena antidysenterica,BE4 = 0.0134 D12 - 0.0042 D1 + 0.0014
Western Plain,region
Holoptelea integrifolia,BE1 = 0.0617 D12 + 0.6450 D1 - 0.5946
Holoptelea integrifolia,BE4 = 0.0058 D12 + 0.0177 D1 + 0.0234
Central Highlands,region
Zizyphus xylopyrus,BE3 = 0.0511D12+ 0.5596 D1- 0.1862
Zizyphus xylopyrus,BE4 = -0.0017D12 + 0.0328 D1 - 0.0021
Miliusa tomentosum (Old),BE1 = 0.0305 D12 + 0.9146 D1 - 0.7580
Miliusa tomentosum(01d),BE4 = 0.0078 D12 - 0.0227 Di + 0.0692
Saccopetalum tomentosum,BE1 = 0.0305 D12 + 0.9146 D1 - 0.7580
Saccopetalum tomentosum,BE4 = 0.0078 D12 - 0.0227 Di + 0.0692
Western Ghats,region
Acrocarpus fraxinifolius,BE1 = 461.9579 D2 - 2.3924 D + 13.4012
Acrocarpus fraxinifolius,BE2 = 6.3026 D2 + 7.7195 D + 0.1565
Eastern Ghats,region
Chloroxylon swietenia,BE1 = 0.1990 D12- 0.3570 D1 + 0.5943
West Coast,region
Acacia catechu,BE1 = 0.1804 D12 - 0.1351 D1 + 0.0823
Acacia catechu,BE4 = 0.0077 D12 - 0.0163 D1 + 0.0109
East Coast,region
Albizia amara,BE3 = 0.1924 Di2 D12.8919 D1 - 1.3365
Albizia amara,BE4 = 0.0117 D12- 0.0395 D1 + 0.0487
Dolichandrone falcata,BE1 = 0.2869 D12 - 0.7273 D1 + 1.1723
